sub_id	parent_id	phrase	source_page	status_v1
D90-3-00036	D90-3-00035	داتلاشماس پولات	004_1R.png	unverified
D90-3-00050	D90-3-00049	داخىل بولماق	005_1R.png	unverified
D90-3-00091	D90-3-00090	دادىل بولماق	008_2L.png	unverified
D90-3-00097	D90-3-00096	دار بېشى	009_1R.png	unverified
D90-3-00098	D90-3-00096	داردىن قاچقان	009_1R.png	unverified
D90-3-00102	D90-3-00101	داراز تارتماق	009_2L.png	unverified
D90-3-00125	D90-3-00124	دارقا مال	011_2L.png	unverified
D90-3-00148	D90-3-00147	داس بوشلۇقى	013_2L.png	unverified
D90-3-00172	D90-3-00171	داش قازان	016_1R.png	unverified
D90-3-00179	D90-3-00178	داشقال بېتون	017_1R.png	unverified
D90-3-00207	D90-3-00206	داغدام يول	019_1R.png	unverified
D90-3-00228	D90-3-00227	داغۇر تىلى	020_2L.png	unverified
D90-3-00236	D90-3-00235	داق يەر	021_1R.png	unverified
D90-3-00240	D90-3-00239	داقاق قىلماق	021_2L.png	unverified
D90-3-00255	D90-3-00254	داكا رومال	022_1R.png	unverified
D90-3-00256	D90-3-00254	داكا ياغلىق	022_1R.png	unverified
D90-3-00274	D90-3-00273	داڭقى پۇر كەتمەك	023_2L.png	unverified
D90-3-00275	D90-3-00273	داڭقى چىقماق	023_2L.png	unverified
D90-3-00278	D90-3-00277	داڭقانپۇتى گەپ	023_2L.png	unverified
D90-3-00289	D90-3-00288	دال بولماق	024_2L.png	unverified
D90-3-00291	D90-3-00290	دال بولماق	024_2L.png	unverified
D90-3-00294	D90-3-00293	دالا ئارمىيىسى	025_1R.png	unverified
D90-3-00295	D90-3-00293	دالا چاشقانلىرى	025_1R.png	unverified
D90-3-00296	D90-3-00293	دالا زەمبىرىكى	025_1R.png	unverified
D90-3-00313	D90-3-00312	دالبېرگىيە دەرىغى	027_1R.png	unverified
D90-3-00318	D90-3-00317	دالدا بولماق	027_1R.png	unverified
D90-3-00327	D90-3-00326	دامىغا چۈشمەك	028_1R.png	unverified
D90-3-00329	D90-3-00328	دام قىلماق	028_1R.png	unverified
D90-3-00330	D90-3-00328	دام ئۇرماق	028_1R.png	unverified
D90-3-00333	D90-3-00332	دامان ساقال	028_2L.png	unverified
D90-3-00336	D90-3-00335	دامجۇق چاي	028_2L.png	unverified
D90-3-00384	D90-3-00383	داۋا بولماق	033_1R.png	unverified
D90-3-00385	D90-3-00383	داۋا تاپماق	033_1R.png	unverified
D90-3-00387	D90-3-00386	داۋىسىنى بەرمەك	033_1R.png	unverified
D90-3-00417	D90-3-00416	داۋان تارتماق	036_1R.png	unverified
D90-3-00418	D90-3-00416	داۋان چېتىقى	036_1R.png	unverified
D90-3-00419	D90-3-00416	داۋان شوتىسى	036_1R.png	unverified
D90-3-00420	D90-3-00416	داۋان غالتىكى	036_1R.png	unverified
D90-3-00474	D90-3-00473	دەپتىن تىغى	042_1R.png	verified
D90-3-00475	D90-3-00473	دەپتىن شانىسى	042_1R.png	verified
D90-3-00481	D90-3-00480	دەپسەندە بولماق	042_2L.png	unverified
D90-3-00482	D90-3-00480	دەپسەندە قىلماق	042_2L.png	unverified
D90-3-00489	D90-3-00488	دەپنە قىلماق	042_2L.png	unverified
D90-3-00505	D90-3-00504	دەخلى بەرمەك	044_1R.png	unverified
D90-3-00515	D90-3-00514	دەرەخ ھەرىسى	045_1R.png	unverified
D90-3-00516	D90-3-00514	دەرەخ يېلىمى	045_1R.png	unverified
D90-3-00576	D90-3-00575	دەرس ئاڭلىماق	051_1R.png	unverified
D90-3-00577	D90-3-00575	دەرس ئالماق	051_1R.png	unverified
D90-3-00590	D90-3-00589	دەرقەم قىلماق	052_2L.png	unverified
D90-3-00592	D90-3-00591	دەرقەمتە بولماق	052_2L.png	unverified
D90-3-00596	D90-3-00595	دەرگۇمان بولماق	053_1R.png	unverified
D90-3-00676	D90-3-00675	دەستە قىلماق	062_1R.png	unverified
D90-3-00677	D90-3-00675	دەستە-دەستە	062_1R.png	unverified
D90-3-00679	D90-3-00678	دەستەك بولماق	062_2L.png	unverified
D90-3-00680	D90-3-00678	دەستەك قىلماق	062_2L.png	unverified
D90-3-00711	D90-3-00710	دەسلەپكى ئاساس	066_1R.png	unverified
D90-3-00712	D90-3-00710	دەسلەپكى تالا ئاقسىلى	066_1R.png	unverified
D90-3-00713	D90-3-00710	دەسلەپكى تۇخۇم ھۈجەيرىسى	066_1R.png	unverified
D90-3-00714	D90-3-00710	دەسلەپكى سپېرما ھۈجەيرىسى	066_1R.png	unverified
D90-3-00715	D90-3-00710	دەسلەپكى قەدەمدە	066_1R.png	unverified
D90-3-00716	D90-3-00710	دەسلەپكى لايىھە	066_2L.png	unverified
D90-3-00776	D90-3-00775	دەلدەڭ قۇلاق	072_2L.png	unverified
D90-3-00802	D90-3-00801	دەلىل خالتىسى	075_2L.png	unverified
D90-3-00803	D90-3-00801	دەلىل كەلتۈرمەك	075_2L.png	unverified
D90-3-00852	D90-3-00851	دەمبەس قەدەم	080_2L.png	unverified
D90-3-00853	D90-3-00851	دەمبەس قىلماق	080_2L.png	unverified
D90-3-00878	D90-3-00877	دەمىدە سۈيى ← دەم سۈيى	082_2L.png	unverified
D90-3-00879	D90-3-00877	دەمىدە قىلماق ← دەم سالماق	082_2L.png	unverified
D90-3-00891	D90-3-00890	دەھشەت باسماق	083_2L.png	unverified
D90-3-00915	D90-3-00914	دەۋر ئالمىشىش	087_2L.png	unverified
D90-3-00921	D90-3-00920	دەۋر تاسمىسى	088_2L.png	unverified
D90-3-00933	D90-3-00932	دەيدەيگە سالماق	090_1R.png	unverified
D90-3-00969	D90-3-00968	دوپپىسىمان چاندىر	093_1R.png	unverified
D90-3-01026	D90-3-01025	دوستلۇق مۇسابىقىسى	100_1R.png	unverified
D90-3-01071	D90-3-01070	دوكلات ئالماق	104_2L.png	unverified
D90-3-01072	D90-3-01070	دوكلات بەرمەك	104_2L.png	unverified
D90-3-01107	D90-3-01106	دولا چىقارماق	107_2L.png	unverified
D90-3-01108	D90-3-01106	دولا قورۇيدىغان چاغ	107_2L.png	unverified
D90-3-01109	D90-3-01106	دولىسى ئاپتاپ كۆرمەك	107_2L.png	unverified
D90-3-01140	D90-3-01139	دولومىت جىنس	110_2L.png	unverified
D90-3-01161	D90-3-01160	دومىلاتما توپ	112_1R.png	verified
D90-3-01170	D90-3-01169	دومىلانما سۈركىلىش	113_1R.png	unverified
D90-3-01175	D90-3-01174	دومىلىما پىچاق	113_2L.png	unverified
D90-3-01180	D90-3-01179	دون ئېتى	114_1R.png	unverified
D90-3-01184	D90-3-01183	دوۋساق ياللۇغى	114_2L.png	unverified
D90-3-01186	D90-3-01185	دوۋسۇن سۆڭىكى	114_2L.png	unverified
D90-3-01189	D90-3-01188	دۇئا ئالماق	115_1R.png	unverified
D90-3-01190	D90-3-01188	دۇئا بەرمەك	115_1R.png	unverified
D90-3-01204	D90-3-01203	دۇب پىلە قۇرتى	116_2L.png	unverified
D90-3-01205	D90-3-01203	دۇب دەرىخى	116_2L.png	unverified
D90-3-01214	D90-3-01213	دۇت ئالماق	117_2L.png	unverified
D90-3-01215	D90-3-01213	دۇت بەرمەسلىك	117_2L.png	unverified
D90-3-01216	D90-3-01213	دۇت سالماق	117_2L.png	unverified
D90-3-01234	D90-3-01233	دۇخوۋوي چالغۇ	119_1R.png	unverified
D90-3-01235	D90-3-01233	دۇخوۋوي ئوركېستر	119_1R.png	unverified
D90-3-01276	D90-3-01275	دۇكان ئاچماق	122_1R.png	unverified
D90-3-01287	D90-3-01286	دۇڭزۇ تىلى	123_1R.png	unverified
D90-3-01299	D90-3-01298	دۇمبىقىنى چالماق	124_1R.png	unverified
D90-3-01338	D90-3-01337	دۇنياۋى رېكورت	128_1R.png	unverified
D90-3-01387	D90-3-01386	دۆلەت ئاپپاراتلىرى	132_1R.png	unverified
D90-3-01388	D90-3-01386	دۆلەت باھاسى	132_1R.png	unverified
D90-3-01389	D90-3-01386	دۆلەت بايرىقى	132_1R.png	unverified
D90-3-01413	D90-3-01412	دۆلەتلىك رېپىرى	134_2L.png	unverified
D90-3-01414	D90-3-01412	دۆلەتلىك ئىمتىھان	134_2L.png	unverified
D90-3-01512	D90-3-01511	دۈگىلەك كېسىك كونۇس	141_2L.png	unverified
D90-3-01524	D90-3-01523	دۈمبە يالاقچىسى	143_1R.png	unverified
D90-3-01525	D90-3-01523	دۈمبە قۇيرۇق	143_1R.png	unverified
D90-3-01526	D90-3-01523	دۈمبىسى ئاپتاپ كۆرمەك	143_1R.png	unverified
D90-3-01527	D90-3-01523	دۈمبىسى قاتتىق	143_1R.png	unverified
D90-3-01528	D90-3-01523	دۈمبىسى قىچىشماق	143_1R.png	unverified
D90-3-01549	D90-3-01548	دۈملىمە ساما	145_1R.png	unverified
D90-3-01550	D90-3-01548	دۈملىمە كاۋاپ	145_1R.png	unverified
D90-3-01551	D90-3-01548	دۈملىمە ھېسىپ	145_1R.png	unverified
D90-3-01552	D90-3-01548	دۈملىمە ئوغۇت	145_1R.png	unverified
D90-3-01575	D90-3-01574	دېتسىمېتىر دولقۇن	146_2L.png	unverified
D90-3-01583	D90-3-01582	دېدۇكسىيىلىك ئەقلىي خۇلاسە	147_1R.png	unverified
D90-3-01595	D90-3-01594	دېرىزە پەردىسى	148_1R.png	unverified
D90-3-01598	D90-3-01597	دېزىنفېكسىيە دورىسى	148_2L.png	unverified
D90-3-01604	D90-3-01603	دېفورماتسىيە چېكى	149_1R.png	unverified
D90-3-01605	D90-3-01603	دېفورماتسىيىلىك ئېنېرگىيە	149_1R.png	unverified
D90-3-01636	D90-3-01635	دېڭىز ئاپتاپپەرىسى	152_2L.png	unverified
D90-3-01637	D90-3-01635	دېڭىز ئادەمگىياھى	152_2L.png	unverified
D90-3-01638	D90-3-01635	دېڭىز ئاستى تاغ تىزمىلىرى	152_2L.png	unverified
D90-3-01680	D90-3-01679	دېڭىز-ئوكيان كىلىماتى	157_1R.png	unverified
D90-3-01681	D90-3-01679	دېڭىز-ئوكيان مېتېئورولوگىيىسى	157_1R.png	unverified
D90-3-01686	D90-3-01685	دېلو ئاچماق ← دېلو تۇرغۇزماق	157_2L.png	unverified
D90-3-01687	D90-3-01685	دېلو تۇرغۇزماق	157_2L.png	unverified
D90-3-01694	D90-3-01693	دېلو ئاچماق ← دېلو تۇرغۇزماق	158_1R.png	unverified
D90-3-01695	D90-3-01693	دېلو تۇرغۇزماق	158_1R.png	unverified
D90-3-01697	D90-3-01696	دېلىگەي قىلماق	158_1R.png	unverified
D90-3-01708	D90-3-01707	دېموكراتلار پارتىيىسى	159_2L.png	unverified
D90-3-01730	D90-3-01729	دېندروبىيۇم چاتقىلى	162_1R.png	unverified
D90-3-01753	D90-3-01752	دېۋون سىستېمىسى	164_2L.png	unverified
D90-3-01758	D90-3-01757	دېۋىرقاي پارقىراقلىقى	165_1R.png	unverified
D90-3-01759	D90-3-01757	دېۋىرقاي جىنس	165_1R.png	unverified
D90-3-01765	D90-3-01764	دىئاباز تۈزۈلمىسى	166_1R.png	unverified
D90-3-01786	D90-3-01785	دىئالېكتىكىلىق لوگىكا	167_2L.png	unverified
D90-3-01796	D90-3-01795	دىپلوماتىك ئەلچىلەر ئۆمىكى	169_1R.png	unverified
D90-3-01797	D90-3-01795	دىپلوماتىك سۆز-ئىبارىلەر	169_1R.png	unverified
D90-3-01798	D90-3-01795	دىپلوماتىك مۇناسىۋەت	169_1R.png	unverified
D90-3-01799	D90-3-01795	دىپلوماتىك ۋەكىل	169_1R.png	unverified
D90-3-01851	D90-3-01850	دىرىنارىيە ئوتى	174_1R.png	unverified
D90-3-01862	D90-3-01861	دىسېرتاتسىيە ياقلىماق	175_1R.png	unverified
D90-3-01921	D90-3-01920	دىڭ تۇرماق	180_2L.png	unverified
D90-3-01922	D90-3-01920	دىڭ قۇلاق ← قۇلىقى دىڭ	180_2L.png	unverified
D90-3-01941	D90-3-01940	دىڭگىل قاش	181_2L.png	unverified
D90-3-01986	D90-3-01985	دىلئازار بەرمەك	185_1R.png	unverified
D90-3-01987	D90-3-01985	دىلئازار قىلماق ← دىلئازار بەرمەك	185_1R.png	unverified
D90-3-01988	D90-3-01985	دىلئازار يېمەك	185_1R.png	unverified
D90-3-01994	D90-3-01993	دىلجەم بولماق	186_1R.png	unverified
D90-3-01995	D90-3-01993	دىلجەم قىلماق	186_1R.png	unverified
D90-3-02047	D90-3-02046	دىنامىكلىق گېئولوگىيە	191_2L.png	unverified
D90-3-02048	D90-3-02046	دىنامىكلىق مېتامورفىزم	191_2L.png	unverified
D90-3-02049	D90-3-02046	دىنامىكلىق مېتېئورولوگىيە	191_2L.png	unverified
D90-3-02069	D90-3-02068	دىئورىتلىق پورفىرت	193_2L.png	unverified
D90-3-02101	D90-3-02100	راپىس پالمىسى	197_1R.png	unverified
D90-3-02103	D90-3-02102	راتسىئونال پۈتۈن ئىپادە	197_1R.png	unverified
D90-3-02104	D90-3-02102	راتسىئونال تەڭلىمە	197_1R.png	unverified
D90-3-02118	D90-3-02117	رادىئاتسىيە ئېنېرگىيىسى	198_2L.png	unverified
D90-3-02131	D90-3-02130	رادىئو تارقاتقۇچى ئاپپارات	200_1R.png	unverified
D90-3-02132	D90-3-02130	رادىئو تەنھەرىكىتى	200_1R.png	unverified
D90-3-02169	D90-3-02168	رازۋېدكا ئايروپىلانى	203_2L.png	unverified
D90-3-02170	D90-3-02168	رازۋېدكا قىلماق	203_2L.png	unverified
D90-3-02201	D90-3-02200	راسچوت قىلماق	207_2L.png	unverified
D90-3-02203	D90-3-02202	راسخوت قىلماق	207_2L.png	unverified
D90-3-02217	D90-3-02216	راك مۇقامى	209_2L.png	unverified
D90-3-02219	D90-3-02218	راكېتا توپ	209_2L.png	unverified
D90-3-02225	D90-3-02224	رام قۇرۇلما	210_1R.png	unverified
D90-3-02227	D90-3-02226	رام بولماق	210_1R.png	unverified
D90-3-02234	D90-3-02233	راھەت كۆرمەك	211_2L.png	unverified
D90-3-02333	D90-3-02332	رەتلىك بايان	223_1R.png	unverified
D90-3-02344	D90-3-02343	رەددىيە بەرمەك	224_1R.png	unverified
D90-3-02362	D90-3-02361	رەستە كوچا	226_1R.png	unverified
D90-3-02391	D90-3-02390	رەسىدە بولماق	230_2L.png	unverified
D90-3-02403	D90-3-02402	رەسىملىك خىش	231_2L.png	unverified
D90-3-02404	D90-3-02402	رەسىملىك ژۇرنال	231_2L.png	unverified
D90-3-02416	D90-3-02415	رەغدى بار	232_2L.png	unverified
D90-3-02417	D90-3-02415	رەغدى بارماسلىق	232_2L.png	unverified
D90-3-02418	D90-3-02415	رەغدى يوق	232_2L.png	unverified
D90-3-02428	D90-3-02427	رەڭ ئالماق	233_2L.png	unverified
D90-3-02429	D90-3-02427	رەڭ بەرمەك	233_2L.png	unverified
D90-3-02462	D90-3-02461	رەڭلىك باسما	237_2L.png	unverified
D90-3-02463	D90-3-02461	رەڭلىك تېلېۋىزور	237_2L.png	unverified
D90-3-02490	D90-3-02489	رەنىگە قويماق ← گۆرۈگە قويماق	240_1R.png	unverified
D90-3-02507	D90-3-02506	رەندىلەش پىچىقى	241_2L.png	unverified
D90-3-02508	D90-3-02506	رەندىلەش ستانوكى	241_2L.png	unverified
D90-3-02509	D90-3-02506	رەندىلەش ئىشچىسى	241_2L.png	unverified
D90-3-02510	D90-3-02506	رەندىلەش ئىشى	241_2L.png	unverified
D90-3-02522	D90-3-02521	رەھمەت ئوقۇماق ← رەھمەت ئېيتماق	242_2L.png	unverified
D90-3-02630	D90-3-02629	رومانتىكىلىق ئاھاڭ	254_1R.png	unverified
D90-3-02636	D90-3-02635	رومبا تۆمۈر تاش	254_2L.png	unverified
D90-3-02637	D90-3-02635	رومبا سىنك تاش	254_2L.png	unverified
D90-3-02642	D90-3-02641	رومبىلىق كرىستال سىستېمىسى	255_1R.png	unverified
D90-3-02645	D90-3-02644	روناق تاپماق	255_2L.png	unverified
D90-3-02648	D90-3-02647	روھى چۈشمەك	256_1R.png	unverified
D90-3-02667	D90-3-02666	روھىي ئازاب	258_1R.png	unverified
D90-3-02668	D90-3-02666	روھىي دۇنيا	258_1R.png	unverified
D90-3-02669	D90-3-02666	روھىي كېسەللىك	258_1R.png	unverified
D90-3-02675	D90-3-02674	روي بەرمەك	259_1R.png	unverified
D90-3-02677	D90-3-02676	روياپقا چىقماق	259_1R.png	unverified
D90-3-02693	D90-3-02692	رۇتا ئائىلىسى ← سۇزاپ ئائىلىسى	260_1R.png	unverified
D90-3-02699	D90-3-02698	رۇخسەت ئالماق	260_2L.png	unverified
D90-3-02706	D90-3-02705	رۇدا تۈزۈلمىسى	261_1R.png	unverified
D90-3-02708	D90-3-02707	رۇدىلىق رادىئو قوبۇللىغۇچ	261_2L.png	unverified
D90-3-02710	D90-3-02709	رۇداۋ چېلىشىشى	261_2L.png	verified
D90-3-02728	D90-3-02727	رۇكۇغا بارماق ← رۇكۇ قىلماق	263_1R.png	unverified
D90-3-02729	D90-3-02727	رۇكۇ قىلماق	263_1R.png	unverified
D90-3-02734	D90-3-02733	رۇمىن تىلى	263_1R.png	unverified
D90-3-02740	D90-3-02739	رېئاكتىۋ ئايروپىلان	263_2L.png	unverified
D90-3-02741	D90-3-02739	رېئاكتىۋ قارشىلىق	263_2L.png	unverified
D90-3-02742	D90-3-02739	رېئاكتىۋ كۈچ	263_2L.png	unverified
D90-3-02748	D90-3-02747	رېئال ھۆكۈم	264_2L.png	unverified
D90-3-02757	D90-3-02756	رېپېتىتسىيە قىلماق	265_1R.png	unverified
D90-3-02761	D90-3-02760	رېپىرىلىق دەرىجە تۈزۈمى	265_2L.png	unverified
D90-3-02772	D90-3-02771	رېزبا ئارىلىقى	266_1R.png	unverified
D90-3-02793	D90-3-02792	رېفلېكس يايى	268_1R.png	unverified
D90-3-02795	D90-3-02794	رېفلېكسلىق تەڭشەش	268_2L.png	unverified
D90-3-02798	D90-3-02797	رېكورتنى بۇزماق	269_1R.png	unverified
D90-3-02799	D90-3-02797	رېكورت ياراتماق	269_1R.png	unverified
D90-3-02800	D90-3-02797	رېكورت يېڭىلىماق ← رېكورت ياراتماق	269_1R.png	unverified
D90-3-02805	D90-3-02804	رېلىس مىخى	269_2L.png	unverified
D90-3-02809	D90-3-02808	رېماتىزم قىزىتمىسى	270_1R.png	unverified
D90-3-02811	D90-3-02810	رېماتىزملىق يۈرەك كېسەللىكى	270_1R.png	unverified
D90-3-02820	D90-3-02819	رېنتگېنگە چۈشمەك	271_1R.png	unverified
D90-3-02821	D90-3-02819	رېنتگېنگە چۈشۈرۈش	271_1R.png	unverified
D90-3-02822	D90-3-02819	رېنتگېن نۇرى ← ئېكس نۇرى	271_1R.png	unverified
D90-3-02836	D90-3-02835	رىتورىك خىتاب	272_2L.png	unverified
D90-3-02837	D90-3-02835	رىتورىك سوئال	272_2L.png	unverified
D90-3-02838	D90-3-02835	رىتورىك مۇراجىئەت	272_2L.png	unverified
D90-3-02877	D90-3-02876	رىشتە باغلىماق	276_2L.png	unverified
D90-3-02906	D90-3-02905	رىھلەت قىلماق	279_2L.png	unverified
D90-3-02916	D90-3-02915	رىيازەت چەكمەك	280_1R.png	unverified
D90-3-02930	D90-3-02929	زابوي بولماق	282_1R.png	unverified
D90-3-02946	D90-3-02945	زار ئەيلىمەك	284_1R.png	unverified
D90-3-02947	D90-3-02945	زار بولماق	284_1R.png	unverified
D90-3-02991	D90-3-02990	زاكا قېرىسى	287_2L.png	unverified
D90-3-02992	D90-3-02990	زاكىدىن چىقماق	287_2L.png	unverified
D90-3-02993	D90-3-02990	زاكىسدا تەگكەن كېسەل	287_2L.png	unverified
D90-3-03007	D90-3-03006	زاكۇسكا قىلماق	289_1R.png	unverified
D90-3-03020	D90-3-03019	زاڭزۇ تىلى	290_1R.png	unverified
D90-3-03064	D90-3-03063	زامىن بولماق	294_2L.png	unverified
D90-3-03075	D90-3-03074	زاۋال تاپماق	295_2L.png	unverified
D90-3-03110	D90-3-03109	زەخمەت چەكمەك	299_1R.png	unverified
D90-3-03111	D90-3-03109	زەخمەت يەتمەك	299_1R.png	unverified
D90-3-03131	D90-3-03130	زەر باسماق	301_1R.png	unverified
D90-3-03166	D90-3-03165	زەربىلىك دولقۇن ← زەربە دولقۇنى	304_2L.png	unverified
D90-3-03181	D90-3-03180	زەردىگۇش بولماق	307_1R.png	unverified
D90-3-03182	D90-3-03180	زەردىگۇش قىلماق	307_1R.png	unverified
D90-3-03212	D90-3-03211	زەمبۇرۇغ توپلىمى	310_1R.png	unverified
D90-3-03213	D90-3-03211	زەمبۇرۇغ تۈگۈنچىسى	310_1R.png	unverified
D90-3-03219	D90-3-03218	زەمبىرەك ئوقى	311_1R.png	unverified
D90-3-03222	D90-3-03221	زەمبىل غالتەك	311_1R.png	unverified
D90-3-03223	D90-3-03221	زەمبىلگە چۈشمەك	311_1R.png	unverified
D90-3-03228	D90-3-03227	زەمزەم سۈيى	311_2L.png	unverified
D90-3-03231	D90-3-03230	زەنجىر تاپان	312_1R.png	unverified
D90-3-03249	D90-3-03248	زەنجىرلىك قىسقۇچ	314_1R.png	unverified
D90-3-03266	D90-3-03265	زەھەرخەندىلىك قىلماق	316_1R.png	unverified
D90-3-03277	D90-3-03276	زەھەرلىك سكاتلار	317_1R.png	unverified
D90-3-03278	D90-3-03276	زەھەرلىك شاكال بەدىيان	317_1R.png	unverified
D90-3-03299	D90-3-03298	زەي رەندە	320_1R.png	unverified
D90-3-03382	D90-3-03381	زومىگەرلىك ھوقۇقى	329_2L.png	unverified
D90-3-03413	D90-3-03412	زۇمرەت تاش	332_1R.png	unverified
D90-3-03416	D90-3-03415	زۇۋان چىقارماق	332_2L.png	unverified
D90-3-03417	D90-3-03415	زۇۋاندىن قالماق	332_2L.png	unverified
D90-3-03437	D90-3-03436	زۆرۈر ئامىنو كىسلاتا	335_1R.png	unverified
D90-3-03438	D90-3-03436	زۆرۈر ئەمگەك	335_1R.png	unverified
D90-3-03448	D90-3-03447	زۆھرە يۇلتۇزى ← ۋېنېرا	336_1R.png	unverified
D90-3-03479	D90-3-03478	زېنىت پىلىموت	339_1R.png	unverified
D90-3-03480	D90-3-03478	زېنىت توپ	339_1R.png	unverified
D90-3-03485	D90-3-03484	زېھنى چېچىلماق	339_2L.png	unverified
D90-3-03486	D90-3-03484	زېھنىگە ئالماق	339_2L.png	unverified
D90-3-03487	D90-3-03484	زېھنىگە سالماق	339_2L.png	unverified
D90-3-03493	D90-3-03492	زېھنىي قابىلىيەت ← ئەقلىي قابىلىيەت	340_2L.png	unverified
D90-3-03504	D90-3-03503	زىت بولماق	341_1R.png	unverified
D90-3-03518	D90-3-03517	زىچ كەلمەك	342_2L.png	unverified
D90-3-03598	D90-3-03597	زىل تار	350_1R.png	unverified
D90-3-03609	D90-3-03608	زىللىق دەرىجىسى	351_1R.png	unverified
D90-3-03614	D90-3-03613	زىممىسىگە ئالماق	351_2L.png	unverified
D90-3-03620	D90-3-03619	زىنا قىلماق	352_2L.png	unverified
D90-3-03627	D90-3-03626	زىننەت بۇيۇمى	353_1R.png	unverified
D90-3-03701	D90-3-03700	سېپى ئۆزىدىن	362_1R.png	unverified
D90-3-03723	D90-3-03722	ساپاقسىز يوپۇرماق	364_2L.png	unverified
D90-3-03727	D90-3-03726	ساپال بۇيۇملار	364_2L.png	unverified
D90-3-03737	D90-3-03736	ساپان سالماق	365_2L.png	unverified
D90-3-03786	D90-3-03785	ساتىرىك ئەسەر	370_2L.png	unverified
D90-3-03792	D90-3-03791	ساخاۋەت قىلماق	371_1R.png	unverified
D90-3-03815	D90-3-03814	سادا چىقماسلىق	373_2L.png	unverified
D90-3-03816	D90-3-03814	سادا قىلماق	373_2L.png	unverified
D90-3-03852	D90-3-03851	ساراسىمە بولماق	377_1R.png	unverified
D90-3-03853	D90-3-03851	ساراسىمىگە چۈشمەك	377_1R.png	unverified
D90-3-03903	D90-3-03902	سازاڭىمان ئۆسۈكچە ياللۇغى	383_2L.png	unverified
D90-3-03906	D90-3-03905	سازاۋەر قىلماق	384_1R.png	unverified
D90-3-03947	D90-3-03946	سافا كارىۋات	388_1R.png	unverified
D90-3-03953	D90-3-03952	ساقا تاش	389_1R.png	unverified
D90-3-03954	D90-3-03952	ساقا تۈگمەن	389_1R.png	unverified
D90-3-03983	D90-3-03982	ساقايتقۇچى توقۇلما	392_1R.png	verified
D90-3-03998	D90-3-03997	ساقلاش ۋاسىتىسى	394_1R.png	unverified
D90-3-04005	D90-3-04004	ساقلاپ قېلىش سىستېمىسى	394_2L.png	unverified
D90-3-04020	D90-3-04019	ساقىلىق قازان	397_1R.png	unverified
D90-3-04051	D90-3-04050	سال يولى	400_1R.png	unverified
D90-3-04053	D90-3-04052	سالا ئېتىز	400_1R.png	unverified
D90-3-04061	D90-3-04060	سالات توۋلىماق	401_1R.png	unverified
D90-3-04066	D90-3-04065	سالار تىلى	401_2L.png	unverified
D90-3-04101	D90-3-04100	سالام-سەھەت قىلىشماق	405_2L.png	unverified
D90-3-04107	D90-3-04106	سالام-ئىلىك ئالماق	406_1R.png	unverified
D90-3-04109	D90-3-04108	سالاھىيەت گۇۋاھنامىسى	406_2L.png	unverified
D90-3-04114	D90-3-04113	سالاۋاتقا كەتمەك	407_1R.png	unverified
D90-3-04121	D90-3-04120	سالپاڭ تۇماق	408_1R.png	unverified
D90-3-04122	D90-3-04120	سالپاڭ قۇلاق	408_1R.png	unverified
D90-3-04159	D90-3-04158	سالما تاشلىماق	412_1R.png	unverified
D90-3-04162	D90-3-04161	سالماق بولماق	412_2L.png	unverified
D90-3-04163	D90-3-04161	سالماق دامبا	412_2L.png	unverified
D90-3-04164	D90-3-04161	سالماق قەدەم	412_2L.png	unverified
D90-3-04209	D90-3-04208	سامان غول	420_2L.png	unverified
D90-3-04210	D90-3-04208	سامان غوللۇق ئۆسۈملۈكلەر	420_2L.png	unverified
D90-3-04211	D90-3-04208	سامان قەغەز	420_2L.png	unverified
D90-3-04222	D90-3-04221	سامانلىقتا يىڭنە ئاختۇرغاندەك	422_1R.png	unverified
D90-3-04223	D90-3-04221	سامانلىق لاي	422_1R.png	unverified
D90-3-04224	D90-3-04221	سامانلىقنىڭ ئاچقۇچى تەگمەك	422_1R.png	unverified
D90-3-04229	D90-3-04228	سامانيولى سىستېمىسى	423_1R.png	unverified
D90-3-04230	D90-3-04228	سامانيولى ئۇزۇنلۇقى	423_1R.png	unverified
D90-3-04242	D90-3-04241	سامساق بېشى	424_2L.png	unverified
D90-3-04243	D90-3-04241	سامساق تىلىمى	424_2L.png	unverified
D90-3-04251	D90-3-04250	سامۇ دەرىخى	425_1R.png	unverified
D90-3-04303	D90-3-04302	ساناقلىق كۈن	431_2L.png	unverified
D90-3-04304	D90-3-04302	ساناقلىق كۈنى قالماق	431_2L.png	unverified
D90-3-04311	D90-3-04310	سانتىمېتر دولقۇن	432_1R.png	unverified
D90-3-04345	D90-3-04344	سانسىكرىت تىلى	435_2L.png	unverified
D90-3-04370	D90-3-04369	ساھىبخانا كوماندا	438_2L.png	unverified
D90-3-04379	D90-3-04378	ساۋاب ئالماق	439_2L.png	unverified
D90-3-04393	D90-3-04392	ساۋاق ئالماق	441_2L.png	unverified
D90-3-04408	D90-3-04407	ساينىڭ تېشىدەك	443_1R.png	unverified
D90-3-04448	D90-3-04447	سايلاش ھوقۇقى	447_2L.png	unverified
D90-3-04461	D90-3-04460	سايلىنىش ھوقۇقى	448_2L.png	verified
D90-3-04466	D90-3-04465	سايمان شۈلۈش ستانوكى	449_1R.png	unverified
D90-3-04468	D90-3-04467	سايمانلىق پولات	449_1R.png	unverified
D90-3-04486	D90-3-04485	سايىلاندۇرۇش دورىسى	450_1R.png	unverified
D90-3-04532	D90-3-04531	سەپپەن توۋلىماق ← سەپپەن ئېيتماق	456_1R.png	unverified
D90-3-04533	D90-3-04531	سەپپەن ئېيتماق	456_1R.png	unverified
D90-3-04585	D90-3-04584	سەتچىلىك بولماق	462_2L.png	unverified
D90-3-04586	D90-3-04584	سەتچىلىكتە قالماق	462_2L.png	unverified
D90-3-04610	D90-3-04609	سەددىچىن سېپىلى	465_2L.png	unverified
D90-3-04627	D90-3-04626	سەرەتان بۇرجى	467_2L.png	unverified
D90-3-04628	D90-3-04626	سەرەتان كېسەللىكى ← راك	467_2L.png	unverified
D90-3-04629	D90-3-04626	سەرەتان يۇلتۇز تۈركۈمى	467_2L.png	unverified
D90-3-04658	D90-3-04657	سەرخىل كوماندا	470_2L.png	unverified
D90-3-04659	D90-3-04657	سەرخىل ماھىر	471_1R.png	unverified
D90-3-04721	D90-3-04720	سەزگۈچى كالپۇك	477_2L.png	unverified
D90-3-04753	D90-3-04752	سەكرەش ئايىغى	481_2L.png	unverified
D90-3-04754	D90-3-04752	سەكرەش بوغۇمى	481_2L.png	verified
D90-3-04759	D90-3-04758	سەكرەگۈچ مىنا	482_1R.png	unverified
D90-3-04770	D90-3-04768	سەككىز تاللىق شەپكە	483_1R.png	unverified
D90-3-04777	D90-3-04776	سەككىزىنچى ئارمىيە	484_1R.png	unverified
D90-3-04778	D90-3-04776	سەككىزىنچى ئاي ← ئاۋغۇست	484_1R.png	unverified
D90-3-04779	D90-3-04776	سەككىزىنچى مارت ئاياللار بايرىمى ← خەلقارا ئاياللار بايرىمى	484_1R.png	unverified
D90-3-04806	D90-3-04805	سەل بولماق	486_2L.png	unverified
D90-3-04808	D90-3-04807	سەل چاغلىماق	486_2L.png	unverified
D90-3-04812	D90-3-04811	سەلبىي پېرسوناژ	487_1R.png	unverified
D90-3-04830	D90-3-04829	سەلىقىسى يوق	489_2L.png	unverified
D90-3-04833	D90-3-04832	سەمىگە چۈشمەك	489_2L.png	unverified
D90-3-04834	D90-3-04832	سەمىگە سالماق	489_2L.png	unverified
D90-3-04880	D90-3-04879	سەندەل سۆڭەك	495_1R.png	unverified
D90-3-04912	D90-3-04911	سەھنە ئەسىرى	498_2L.png	unverified
D90-3-04936	D90-3-04935	سەۋەبچى بولماق	501_2L.png	unverified
D90-3-04942	D90-3-04941	سەۋەب-نەتىجە مۇناسىۋىتى	502_1R.png	unverified
D90-3-04974	D90-3-04973	سەۋزە مۇرابباسى	506_1R.png	unverified
D90-3-04978	D90-3-04977	سەۋىيىسى يوق	506_2L.png	unverified
D90-3-04994	D90-3-04993	سەيخال قىلماق	508_1R.png	unverified
D90-3-04997	D90-3-04996	سەيخانا مەجلىسى	508_2L.png	unverified
D90-3-04998	D90-3-04996	سەيخانىسىغا ئوت كەتمەك	508_2L.png	unverified
D90-3-05000	D90-3-04999	سەيد بولماق	508_2L.png	unverified
D90-3-05001	D90-3-04999	سەيد قىلماق	508_2L.png	unverified
D90-3-05034	D90-3-05033	سەييارە سوت	512_1R.png	unverified
D90-3-05070	D90-3-05069	سپىراللىق ترىخىنېللا قۇرتى	515_1R.png	unverified
D90-3-05079	D90-3-05078	ستاتىك ئېلېكتر	516_2L.png	unverified
D90-3-05080	D90-3-05078	ستاتىك ئېلېكتر ئىندۇكسىيىسى	516_2L.png	unverified
D90-3-05088	D90-3-05087	ستاندارتلىق دېتال	517_1R.png	unverified
D90-3-05103	D90-3-05102	ستوپلازما گېنى	519_1R.png	unverified
D90-3-05104	D90-3-05102	ستوپلازما ئىرسىيىتى	519_1R.png	unverified
D90-3-05114	D90-3-05113	ستېركۇل دەرىخى	519_2L.png	unverified
D90-3-05118	D90-3-05117	ستېرېئولۇق ئاۋاز	520_1R.png	unverified
D90-3-05129	D90-3-05128	ستىلىستىكىلىق ۋاسىتە	521_2L.png	unverified
D90-3-05135	D90-3-05134	سفېرا بەلبېغى	522_1R.png	unverified
D90-3-05136	D90-3-05134	سفېرا سېگمېنتى	522_1R.png	unverified
D90-3-05151	D90-3-05150	سمولا كانىلى	523_1R.png	unverified
D90-3-05154	D90-3-05153	سمېنتال كالىسى	523_2L.png	unverified
D90-3-05186	D90-3-05185	سوت باشلىماق	527_1R.png	unverified
D90-3-05187	D90-3-05185	سوت تەۋەلىكى	527_1R.png	unverified
D90-3-05196	D90-3-05195	سوتسىيال جاھانگىرلىك	529_1R.png	unverified
D90-3-05197	D90-3-05195	سوتسىيال شوۋىنىزم	529_1R.png	unverified
D90-3-05202	D90-3-05201	سوتسىيالىستىك ئومۇمىي مۈلۈكچىلىك	529_2L.png	unverified
D90-3-05239	D90-3-05238	سودا بازىرى ← بازار	533_2L.png	unverified
D90-3-05240	D90-3-05238	سودا پورتى	533_2L.png	unverified
D90-3-05251	D90-3-05250	سودىسى ئاقماق	534_2L.png	unverified
D90-3-05252	D90-3-05250	سودىسى پىشماق	534_2L.png	unverified
D90-3-05255	D90-3-05254	سودا-سانائەت بېجى	535_1R.png	unverified
D90-3-05258	D90-3-05257	سودا-سېتىق قىلماق	535_1R.png	unverified
D90-3-05261	D90-3-05260	سودىگەرلەر ئۈيۈشمىسى	535_2L.png	unverified
D90-3-05288	D90-3-05287	سورتلارنى رايونلاشتۇرۇش	538_2L.png	unverified
D90-3-05301	D90-3-05300	سورۇقچىلىق تارتماق	539_2L.png	unverified
D90-3-05305	D90-3-05304	سورۇن تۈزمەك	540_1R.png	unverified
D90-3-05318	D90-3-05317	سوزۇق تاۋۇش	542_1R.png	unverified
D90-3-05319	D90-3-05317	سوزۇق تاۋۇشلارنىڭ ئاھاڭداشلىقى	542_1R.png	unverified
D90-3-05322	D90-3-05321	سوزۇلما سوزۇق تاۋۇش	542_2L.png	unverified
D90-3-05323	D90-3-05321	سوزۇلما كېسەل	542_2L.png	unverified
D90-3-05340	D90-3-05339	سوغد تىلى	543_2L.png	unverified
D90-3-05383	D90-3-05382	سوغۇقچىلىق چۈشمەك	547_2L.png	unverified
D90-3-05384	D90-3-05382	سوغۇقچىلىق سالماق	547_2L.png	unverified
D90-3-05406	D90-3-05405	سوقا چۈشتى	549_2L.png	unverified
D90-3-05418	D90-3-05417	سوققا بەرمەك	550_2L.png	unverified
D90-3-05419	D90-3-05417	سوققا يېمەك	550_2L.png	unverified
D90-3-05456	D90-3-05455	سوڭ ئاقمىسى	555_1R.png	unverified
D90-3-05457	D90-3-05455	سوڭى چىقىش	555_1R.png	unverified
D90-3-05493	D90-3-05492	سولچىل ئاغمىچىلىق	559_1R.png	unverified
D90-3-05513	D90-3-05512	سوم بېلىقى	561_2L.png	unverified
D90-3-05536	D90-3-05535	سوۋۇتقۇ سۇيۇقلۇق	563_1R.png	unverified
D90-3-05540	D90-3-05539	سوۋۇتۇش ئۈسكۈنىسى	563_2L.png	unverified
D90-3-05547	D90-3-05546	سويا پۇرچاق	564_1R.png	unverified
D90-3-05557	D90-3-05556	سويما قوڭ	565_1R.png	unverified
D90-3-05564	D90-3-05563	سويۇم مال	566_1R.png	unverified
D90-3-05579	D90-3-05578	سۇ بوياق رەسىم	567_2L.png	unverified
D90-3-05686	D90-3-05685	سۇبتروپىك بەلۋاغ	577_1R.png	unverified
D90-3-05695	D90-3-05694	سۇبيېكتىپ پائالىيەتچانلىق	578_1R.png	unverified
D90-3-05696	D90-3-05694	سۇبيېكتىپ دۇنيا	578_1R.png	unverified
D90-3-05710	D90-3-05709	سۇپېرگېتېرودېنلىق رادىئو قوبۇللىغۇچ	580_1R.png	unverified
D90-3-05727	D90-3-05726	سۇر تۇرنا	582_1R.png	unverified
D90-3-05728	D90-3-05726	سۇر چىۋىن	582_1R.png	unverified
D90-3-05729	D90-3-05726	سۇر لەيلەك	582_1R.png	unverified
D90-3-05736	D90-3-05735	سۇزاپ ئائىلىسى	582_2L.png	unverified
D90-3-05739	D90-3-05738	سۇژىتلىق شېئىر	583_1R.png	unverified
D90-3-05763	D90-3-05762	سۇسىزلاندۇرغۇچى رېئاكتىۋ	585_1R.png	unverified
D90-3-05811	D90-3-05810	سۇلايمان قالپىقى	589_2L.png	unverified
D90-3-05856	D90-3-05855	سۇنبۇلە بۇرجى	594_1R.png	unverified
D90-3-05859	D90-3-05858	سۇنتاختا قىلماق	594_2L.png	unverified
D90-3-05862	D90-3-05861	سۇندۇرۇش كۈچى	595_1R.png	unverified
D90-3-05865	D90-3-05864	سۇندۇرۇلغان باھا	595_1R.png	unverified
D90-3-05901	D90-3-05900	سۇۋاي قالماق	600_1R.png	unverified
D90-3-05926	D90-3-05925	سۇيۇقلۇق بەرمەك	602_2L.png	unverified
D90-3-05927	D90-3-05925	سۇيۇقلۇق پرېسى	602_2L.png	unverified
D90-3-05932	D90-3-05931	سۇيىقەست قىلماق	603_1R.png	unverified
D90-3-05962	D90-3-05961	سۆرىگۈچى كېمە	606_1R.png	unverified
D90-3-05964	D90-3-05963	سۆرىمە ئاياغ	606_1R.png	unverified
D90-3-05965	D90-3-05963	سۆرىمە تور	606_1R.png	unverified
D90-3-06053	D90-3-06052	سۆزلىگەك بولۇپ قالماق	615_2L.png	unverified
D90-3-06064	D90-3-06063	سۆسەر تۇماق	617_1R.png	unverified
D90-3-06066	D90-3-06065	سۆسەي باغ	617_1R.png	unverified
D90-3-06094	D90-3-06093	سۆگەلسىمان پۇت	620_1R.png	unverified
D90-3-06110	D90-3-06109	سۆلى بار	621_2L.png	unverified
D90-3-06111	D90-3-06109	سۆلى يوق	621_2L.png	unverified
D90-3-06114	D90-3-06113	سۆلىتى سۆسە بولماق	621_2L.png	unverified
D90-3-06125	D90-3-06124	سۆھبەت ئۆتكۈزمەك	622_2L.png	unverified
D90-3-06179	D90-3-06178	سۈت ئانىسى ← ئېمىكئانا	628_1R.png	unverified
D90-3-06180	D90-3-06178	سۈت ئەمگۈچى ھايۋانلار	628_1R.png	unverified
D90-3-06181	D90-3-06178	سۈت بېزى	628_1R.png	unverified
D90-3-06182	D90-3-06178	سۈت بېزى ياللۇغى	628_1R.png	unverified
D90-3-06198	D90-3-06197	سۈتخور ھايۋان	629_2L.png	verified
D90-3-06205	D90-3-06204	سۈتلۈك پولۇ	629_2L.png	verified
D90-3-06206	D90-3-06204	سۈتلۈك چاي	629_2L.png	verified
D90-3-06214	D90-3-06213	سۈر گۆش	630_2L.png	unverified
D90-3-06218	D90-3-06217	سۈرئەت ئۆزگەرتكۈچ	630_2L.png	verified
D90-3-06220	D90-3-06219	سۈرەت تارتماق	631_1R.png	unverified
D90-3-06243	D90-3-06242	سۈركەلمە ماتېرىيال	632_2L.png	unverified
D90-3-06292	D90-3-06291	سۈزگۈچ قەۋەت	637_1R.png	unverified
D90-3-06297	D90-3-06296	سۈزمە خالتىسى قىلىۋەتمەك	637_2L.png	unverified
D90-3-06302	D90-3-06301	سۈزۈك ئامفىبول	638_1R.png	unverified
D90-3-06303	D90-3-06301	سۈزۈك پىروكسېن	638_1R.png	unverified
D90-3-06304	D90-3-06301	سۈزۈك جىسىم	638_2L.png	unverified
D90-3-06305	D90-3-06301	سۈزۈك دالا شپاتى	638_2L.png	unverified
D90-3-06306	D90-3-06301	سۈزۈك شىلىندى	638_2L.png	unverified
D90-3-06307	D90-3-06301	سۈزۈك كاۋاش	638_2L.png	unverified
D90-3-06347	D90-3-06346	سۈمۈرۈلگەن سۇ	642_1R.png	unverified
D90-3-06360	D90-3-06359	سۈنئىي ئەقلىي قابىلىيەت	643_2L.png	unverified
D90-3-06361	D90-3-06359	سۈنئىي تاللاش	643_2L.png	unverified
D90-3-06362	D90-3-06359	سۈنئىي سەييارە	643_2L.png	unverified
D90-3-06363	D90-3-06359	سۈنئىي قاما	643_2L.png	unverified
D90-3-06382	D90-3-06381	سۈيدۈك ئاجرىتىش ئەزالىرى	645_1R.png	unverified
D90-3-06383	D90-3-06381	سۈيدۈك ماڭدۇرۇش	645_1R.png	unverified
D90-3-06422	D90-3-06421	سېرپېنتىن تاشپاختىسى	649_1R.png	unverified
D90-3-06456	D90-3-06455	سېرىق تۈكلىرى تەتۈر ئۆرۈلۈپ كەتمەك ← ، قۇيقا چېچى تىك تۇرماق	652_2L.png	unverified
D90-3-06510	D90-3-06509	سېزىك قۇسۇقى	658_1R.png	unverified
D90-3-06540	D90-3-06539	سېغىز تاختا تاش	661_2L.png	unverified
D90-3-06541	D90-3-06539	سېغىز تاش	661_2L.png	unverified
D90-3-06550	D90-3-06549	سېغىن سىيىر	662_2L.png	unverified
D90-3-06589	D90-3-06588	سېلىشتۇرما ئەقلىي خۇلاسە	667_1R.png	unverified
D90-3-06600	D90-3-06599	سېلىق سالماق	668_2L.png	unverified
D90-3-06604	D90-3-06603	سېلىك سۇ يىلى	669_1R.png	unverified
D90-3-06616	D90-3-06615	سېمونت لاي	670_1R.png	unverified
D90-3-06661	D90-3-06660	سىئال قاتلىمى	674_1R.png	unverified
D90-3-06662	D90-3-06660	سىئال مىنېراللىرى	674_1R.png	unverified
D90-3-06676	D90-3-06675	سىپايە تۈر	675_2L.png	unverified
D90-3-06677	D90-3-06675	سىپايە سۆز	675_2L.png	unverified
D90-3-06733	D90-3-06732	سىرتتىن تېگىشكەن چەمبەر	681_2L.png	unverified
D90-3-06734	D90-3-06732	سىرتتىن ئوقۇش	681_2L.png	unverified
D90-3-06735	D90-3-06732	سىرتتىن ئوقۇش مەكتىپى	681_2L.png	unverified
D90-3-06736	D90-3-06732	سىرتتىن ئۇرۇنغان كۆپ تەرەپلىك	681_2L.png	unverified
D90-3-06739	D90-3-06738	سىرتقى توك يولى	682_1R.png	unverified
D90-3-06740	D90-3-06738	سىرتقى تۆرەلمە قەۋەت	682_1R.png	unverified
D90-3-06741	D90-3-06738	سىرتقى تۆرەلمە ياپراقچىسى ← سىرتقى تۆرەلمە قەۋەت	682_1R.png	unverified
D90-3-06742	D90-3-06738	سىرتقى زەھەر ← تاشقى توكسىن	682_1R.png	unverified
D90-3-06743	D90-3-06738	سىرتقى سۆڭەك	682_1R.png	unverified
D90-3-06744	D90-3-06738	سىرتقى قىلتىرىقچە	682_1R.png	unverified
D90-3-06759	D90-3-06758	سىرتىقى چىقماق	683_2L.png	unverified
D90-3-06760	D90-3-06758	سىرتىقىنى ئالماق	683_2L.png	unverified
D90-3-06761	D90-3-06758	سىرتىقىنى قىلماق	683_2L.png	unverified
D90-3-06803	D90-3-06802	سىرلىق جابدۇق	687_2L.png	verified
D90-3-06812	D90-3-06811	سىزدە بار قارا ئېشەك مەندىمۇ بار	688_1R.png	unverified
D90-3-06837	D90-3-06836	سىزىقلىق تەڭلىمە ← بىرىنچى دەرىجىلىك تەڭلىمە	691_1R.png	unverified
D90-3-06838	D90-3-06836	سىزىقلىق تېزلىك	691_1R.png	unverified
D90-3-06839	D90-3-06836	سىزىقلىق كېڭىيىش	691_1R.png	unverified
D90-3-06848	D90-3-06847	سىستېمىلىق يېتىلىش	693_1R.png	unverified
D90-3-06858	D90-3-06857	سىغىشالمايدىغان تاللانما ھۆكۈم	694_1R.png	unverified
D90-3-06886	D90-3-06885	سىقىلىش دېفورماتسىيىسى	696_2L.png	unverified
D90-3-06898	D90-3-06897	سىكات بېلىق	697_2L.png	unverified
D90-3-06900	D90-3-06899	سىكاس دەرىخى	697_2L.png	unverified
D90-3-06903	D90-3-06902	سىگان بۇغا	698_1R.png	verified
D90-3-06934	D90-3-06933	سىڭىش بېسىمى	700_2L.png	unverified
D90-3-06935	D90-3-06933	سىڭىش مىقدارى	700_2L.png	unverified
D90-3-06977	D90-3-06976	سىلىتسىي ئوكسىد	705_1R.png	unverified
D90-3-06979	D90-3-06978	سىلىتسىيلىق پولات	705_2L.png	verified
D90-3-06980	D90-3-06978	سىلىتسىيلىق كاۋچۇك	705_2L.png	verified
D90-3-06981	D90-3-06978	سىلىتسىيلىق يۈسۈن	705_2L.png	verified
D90-3-06988	D90-3-06982	سىلىق تاش قورال	706_1R.png	unverified
D90-3-06998	D90-3-06997	سىلىقلاشتۇرۇش مېيى	707_1R.png	unverified
D90-3-07005	D90-3-07004	سىلىكات ئانگىدرىد ← سىلىتسىي ئوكسىد	707_2L.png	unverified
D90-3-07007	D90-3-07006	سىلىكات كىسلاتا تۇزلىرى ← سىلىكاتلار	707_2L.png	unverified
D90-3-07042	D90-3-07041	سىمابلىق تېرمومېتىر	711_1R.png	unverified
D90-3-07052	D90-3-07051	سىم-سىم يامغۇر	711_2L.png	unverified
D90-3-07054	D90-3-07053	سىمفونىيە ئوركېستىرى	712_1R.png	unverified
D90-3-07056	D90-3-07055	سىمفونىيىلىك پوئېما	712_1R.png	unverified
D90-3-07062	D90-3-07061	سىممېترىك ئوق ← سىممېترىيە ئوقى	712_2L.png	unverified
D90-3-07089	D90-3-07088	سىنئالغۇ لېنتىسى	716_2L.png	unverified
D90-3-07101	D90-3-07100	سىنتېتىك بوياق	717_2L.png	unverified
D90-3-07102	D90-3-07100	سىنتېتىك تالا	717_2L.png	unverified
D90-3-07148	D90-3-07147	سىنىپىي تەھلىل	721_2L.png	unverified
D90-3-07149	D90-3-07147	سىنىپىي جەمئىيەت	721_2L.png	unverified
D90-3-07150	D90-3-07147	سىنىپىي زىددىيەت	721_2L.png	unverified
D90-3-07151	D90-3-07147	سىنىپىي كۈرەش	721_2L.png	unverified
D90-3-07161	D90-3-07160	سىيا چۈشمەك	722_2L.png	unverified
D90-3-07163	D90-3-07162	سىياتېئا دەرىخى	723_1R.png	unverified
D90-3-07203	D90-3-07202	سىياھ بېلىق	727_1R.png	unverified
D90-3-07232	D90-3-07231	سىيرىلما سۈركىلىش	729_2L.png	unverified
D90-3-07233	D90-3-07231	سىيرىلما ھەرىكەت	729_2L.png	unverified
D90-3-07246	D90-3-07245	سىيىپ قويۇش	731_1R.png	unverified
D90-3-07270	D90-3-07269	شاپاق بۆك	734_1R.png	unverified
D90-3-07271	D90-3-07269	شاپاقتىن ئەرزان	734_1R.png	unverified
D90-3-07272	D90-3-07269	شاپاق دوپپا	734_1R.png	unverified
D90-3-07333	D90-3-07332	شاخلىق قېلىپ	739_2L.png	unverified
D90-3-07335	D90-3-07334	شاخلىما نوتا	739_2L.png	unverified
D90-3-07339	D90-3-07338	شاخىنا قويماق	740_1R.png	unverified
D90-3-07356	D90-3-07355	شادىپاچاق قىليورغا	741_2L.png	unverified
D90-3-07378	D90-3-07377	شارابارىچىلىق قىلماق	743_2L.png	unverified
D90-3-07408	D90-3-07407	شارسىمان ئەينەك ← سېفېرىك ئەينەك	746_1R.png	unverified
D90-3-07409	D90-3-07407	شارسىمان باكتېرىيە	746_1R.png	unverified
D90-3-07410	D90-3-07407	شارسىمان غول	746_1R.png	unverified
D90-3-07421	D90-3-07420	شاروللىس كالىسى	747_2L.png	verified
D90-3-07460	D90-3-07459	شاڭخو قىلماق	751_1R.png	unverified
D90-3-07469	D90-3-07468	شال پاخىلى	752_1R.png	unverified
D90-3-07470	D90-3-07468	شال پەرۋانىسى	752_1R.png	unverified
D90-3-07471	D90-3-07468	شال قۇرتى	752_1R.png	unverified
D90-3-07472	D90-3-07468	شال ۋاباسى	752_1R.png	unverified
D90-3-07500	D90-3-07499	شالاڭ ئەلگەك	754_2L.png	unverified
D90-3-07501	D90-3-07499	شالاڭ تۈزۈلمە	754_2L.png	unverified
D90-3-07524	D90-3-07523	شالدىراق يىلان	756_1R.png	unverified
D90-3-07542	D90-3-07541	شاللاش مۇسابىقىسى	757_2L.png	unverified
D90-3-07554	D90-3-07553	شام گۆر	758_2L.png	unverified
D90-3-07555	D90-3-07553	شام ياقماق	758_2L.png	unverified
D90-3-07560	D90-3-07559	شامال ئارقىلىق چاڭلىشىدىغان گۈل	759_1R.png	unverified
D90-3-07604	D90-3-07603	شامپان ھارىقى	763_1R.png	unverified
D90-3-07615	D90-3-07614	شانا باغلىماق	764_1R.png	unverified
D90-3-07617	D90-3-07616	شان-شەرەپ كەلتۈرمەك	764_1R.png	unverified
D90-3-07636	D90-3-07635	شاھىت بولماق	766_2L.png	unverified
D90-3-07642	D90-3-07641	شاۋ-شۇۋ كۆتۈرۈلمەك	767_1R.png	unverified
D90-3-07652	D90-3-07651	شاۋقۇنلۇق تاۋۇش	768_1R.png	unverified
D90-3-07671	D90-3-07670	شايى رومال	769_2L.png	unverified
D90-3-07709	D90-3-07708	شەخس كاتېگورىيىسى	774_1R.png	unverified
D90-3-07716	D90-3-07715	شەخسىيىتىگە تەگمەك	775_1R.png	unverified
D90-3-07742	D90-3-07741	شەرتلىك بەلگە	779_1R.png	unverified
D90-3-07797	D90-3-07796	شەقىقە ئوقۇماق	784_2L.png	unverified
D90-3-07799	D90-3-07798	شەك چۈشمەك	784_2L.png	unverified
D90-3-07800	D90-3-07798	شەك كەلتۈرمەك	784_2L.png	unverified
D90-3-07818	D90-3-07817	شەكىلداش سۆزلەر	787_1R.png	unverified
D90-3-07819	D90-3-07817	شەكىلداش قاپىيە	787_1R.png	unverified
D90-3-07827	D90-3-07826	شەكىللىك پولات	788_1R.png	unverified
D90-3-07834	D90-3-07833	شەلپەر رەڭ	789_1R.png	unverified
D90-3-07837	D90-3-07836	شەلدەم كۆز	789_2L.png	unverified
D90-3-07877	D90-3-07876	شەھلا كۆز	794_1R.png	unverified
D90-3-07933	D90-3-07932	شپال شېغىلى	800_2L.png	unverified
D90-3-07997	D90-3-07996	شورپىسىنىڭ شورپىسى	807_1R.png	unverified
D90-3-08017	D90-3-08016	شورىغۇچ تەخسە	808_2L.png	unverified
D90-3-08021	D90-3-08020	شوشاڭ تەگمىگەن	809_1R.png	unverified
D90-3-08085	D90-3-08084	شۇڭ تارتماق	814_2L.png	unverified
D90-3-08086	D90-3-08084	شۇڭ قىرقىماق	814_2L.png	unverified
D90-3-08120	D90-3-08119	شۇملۇق قىلماق	817_2L.png	unverified
D90-3-08192	D90-3-08191	شۈمەك تىرىكى	825_2L.png	unverified
D90-3-08208	D90-3-08207	شېپى كەلتۈرمەك	826_2L.png	unverified
D90-3-08210	D90-3-08209	شېپىلىك تالاشماق	827_1R.png	unverified
D90-3-08211	D90-3-08209	شېپىلىكتىن ئۆتكۈزمەك	827_1R.png	unverified
D90-3-08212	D90-3-08209	شېپىلىكتىن ئۆتۈنمەك	827_1R.png	unverified
D90-3-08256	D90-3-08255	شېئىر توپلىمى	833_1R.png	unverified
D90-3-08288	D90-3-08287	شىپالىق بەرمەك	836_2L.png	unverified
D90-3-08302	D90-3-08301	شىپۇن تاۋار	838_1R.png	unverified
D90-3-08303	D90-3-08301	شىپۈن دۇخاۋا	838_1R.png	unverified
D90-3-08305	D90-3-08304	شىپىر قىلماق	838_1R.png	unverified
D90-3-08341	D90-3-08340	شىرە چورۇق	841_2L.png	unverified
D90-3-08343	D90-3-08342	شىرە چاي ← ھۈمەلچاي	841_2L.png	unverified
D90-3-08344	D90-3-08342	شىرە كاۋاپ	841_2L.png	unverified
D90-3-08347	D90-3-08346	شىرەم تۇغقان	842_1R.png	unverified
D90-3-08361	D90-3-08360	شىرغا ئات	843_1R.png	unverified
D90-3-08373	D90-3-08372	شىرنىخور قۇرت	844_2L.png	unverified
D90-3-08376	D90-3-08375	شىرنىلىك مېۋە	845_1R.png	unverified
D90-3-08380	D90-3-08379	شىرىق چاپان	845_1R.png	unverified
D90-3-08423	D90-3-08422	شىگېللا باكتېرىيىسى	849_1R.png	unverified
D90-3-08451	D90-3-08450	شىلدىرما داپ	851_1R.png	unverified
D90-3-08456	D90-3-08455	شىللىسىغا ئارتماق	851_2L.png	unverified
D90-3-08457	D90-3-08455	شىللىسىغا چىقىۋالماق ← شىللىسىغا مىنمەك	851_2L.png	unverified
D90-3-08460	D90-3-08459	شىللىق پەردە	852_1R.png	unverified
D90-3-08471	D90-3-08470	شىلىش ستانوكى	852_2L.png	unverified
D90-3-08490	D90-3-08489	شىمال شامىلى	853_2L.png	unverified
D90-3-08538	D90-3-08537	شىنخۇا ئاگېنتلىقى	858_1R.png	unverified
D90-3-08568	D90-3-08567	غاپىل بولماق	861_1R.png	unverified
D90-3-08644	D90-3-08643	غاز قانىتى بولماق	866_2L.png	unverified
D90-3-08645	D90-3-08643	غاز كاۋىپى	866_2L.png	unverified
D90-3-08709	D90-3-08708	غالدىراڭ قومۇش	873_1R.png	unverified
D90-3-08741	D90-3-08740	غايىب بولماق	875_2L.png	unverified
D90-3-08742	D90-3-08740	غايىب خەزىنە	875_2L.png	unverified
D90-3-08755	D90-3-08754	غەپلەت باسماق	877_1R.png	unverified
D90-3-08756	D90-3-08754	غەپلەتتە ياتماق ← غەپلەت ئۇيقۇسىدا ياتماق	877_1R.png	unverified
D90-3-08757	D90-3-08754	غەپلەت ئۇيقۇسى	877_1R.png	unverified
D90-3-08770	D90-3-08769	غەرب تىبابىتى	878_2L.png	unverified
D90-3-08771	D90-3-08769	غەرب چالغۇلىرى	878_2L.png	unverified
D90-3-08772	D90-3-08769	غەرب شامىلى	878_2L.png	unverified
D90-3-08773	D90-3-08769	غەرب شامىلى بەلبېغى	878_2L.png	unverified
D90-3-08823	D90-3-08822	غەسىل قىلماق	883_1R.png	unverified
D90-3-08825	D90-3-08824	غەش بولماق	883_1R.png	unverified
D90-3-08826	D90-3-08824	غەش قىلماق	883_1R.png	unverified
D90-3-08829	D90-3-08828	غەشلىكى كەلمەك	883_1R.png	unverified
D90-3-08833	D90-3-08832	غەلەت گەپ	883_2L.png	unverified
D90-3-08836	D90-3-08835	غەللە-پاراق	883_2L.png	unverified
D90-3-08857	D90-3-08856	غەلىيان كۆتۈرمەك	886_1R.png	unverified
D90-3-08896	D90-3-08895	غەمناك بولماق	889_2L.png	unverified
D90-3-08904	D90-3-08903	غەۋۋاس كىيىمى	890_2L.png	unverified
D90-3-08935	D90-3-08934	غەيۋەت قىلماق	893_2L.png	unverified
D90-3-08961	D90-3-08960	غودۇر بۇغداي	895_2L.png	unverified
D90-3-08995	D90-3-08994	غوزا باغلىماق ← غوزىلىماق	898_2L.png	unverified
D90-3-08996	D90-3-08994	غوزا تۇتماق ← غوزىلىماق	898_2L.png	unverified
D90-3-08997	D90-3-08994	غوزا چۆلىمەك	898_2L.png	unverified
D90-3-09002	D90-3-09001	غوزەك قالپىقى	899_2L.png	unverified
D90-3-09045	D90-3-09044	غوۋغا چىقارماق	903_2L.png	unverified
D90-3-09046	D90-3-09044	غوۋغا چىقماق	903_2L.png	unverified
D90-3-09100	D90-3-09099	غۇژمەك پىچەكگۈل	908_1R.png	unverified
D90-3-09113	D90-3-09112	غۇسۇل قىلماق	909_1R.png	unverified
D90-3-09133	D90-3-09132	غۇلغۇلا قىلماق	911_1R.png	unverified
D90-3-09148	D90-3-09147	غۇنچە بوي	912_2L.png	unverified
D90-3-09188	D90-3-09187	غېرىچنى غۇلاچ قىلىپ كۆرسەتمەك	915_2L.png	unverified
D90-3-09195	D90-3-09194	غىپپىدە تىكىۋەتمەك	916_1R.png	unverified
D90-3-09205	D90-3-09204	غىت قىسماق	916_2L.png	unverified
D90-3-09214	D90-3-09213	غىجىم دۇخاۋا	917_1R.png	unverified
D90-3-09215	D90-3-09213	غىجىم رومال ← بۆرتمە شال	917_1R.png	unverified
D90-3-09243	D90-3-09242	غىدىڭ-پىدىڭ قىلماق	919_1R.png	unverified
D90-3-09344	D90-3-09343	فارفور توپىسى	925_2L.png	unverified
D90-3-09345	D90-3-09343	فارفور خىش	925_2L.png	unverified
D90-3-09348	D90-3-09347	فارېنگېيت تېرمومېترى	926_1R.png	unverified
D90-3-09349	D90-3-09347	فارېنگېيت تېمپېراتۇرا شكالىسى	926_1R.png	unverified
D90-3-09351	D90-3-09350	فازا بېسىمى	926_1R.png	unverified
D90-3-09352	D90-3-09350	فازا توكى	926_1R.png	unverified
D90-3-09373	D90-3-09372	فتورلۇق كاۋچۇك	928_1R.png	unverified
D90-3-09378	D90-3-09377	فرازىئولوگىيىلىك بىرىكمە	928_2L.png	unverified
D90-3-09386	D90-3-09385	فرونت رايونى	929_1R.png	unverified
D90-3-09393	D90-3-09392	فلانگى تەخە	929_2L.png	unverified
D90-3-09421	D90-3-09420	فوتوگرافىيە سەنئىتى	932_1R.png	unverified
D90-3-09429	D90-3-09428	فورمال لوگىكا	933_1R.png	unverified
D90-3-09457	D90-3-09456	فوكۇس ئارىلىقى	936_1R.png	unverified
D90-3-09458	D90-3-09456	فوكۇس نۇقتىسى ← فوكۇس I	936_1R.png	unverified
D90-3-09460	D90-3-09459	فوكۇس چىقارماق	936_1R.png	unverified
D90-3-09473	D90-3-09472	فونېتىكىلىق ئۆزگىرىش	937_1R.png	unverified
D90-3-09486	D90-3-09485	فۇنكسىئونال پسىخولوگىيە	938_1R.png	unverified
D90-3-09514	D90-3-09513	فېئوداللىق بۆلۈنۈنمە	941_2L.png	unverified
D90-3-09524	D90-3-09523	فىزىكىلىق خىمىيە	942_2L.png	unverified
D90-3-09532	D90-3-09531	فىزىئولوگىيىلىك تۇز سۈيى	943_2L.png	unverified
D90-3-09539	D90-3-09538	فىلتر قەغەز	944_2L.png	unverified
D90-3-09542	D90-3-09541	فىلترلانغان ئېرىتمە	944_2L.png	unverified
D90-3-09549	D90-3-09548	فىلىم بېسىش ئاپپاراتى	945_1R.png	unverified
D90-3-09550	D90-3-09548	فىلىم مۇقىملاشتۇرۇش	945_1R.png	unverified
