dictionary	row_id	entry	type	source_page	status_v1	parent_id
Imla 2009	D_03092	باجىڭگىر	headword	070_col1.png	unverified	
Imla 2009	D_03237	بازىمەن	headword	073_col1.png	unverified	
Imla 2009	D_03350	باشى	headword	076_col2.png	unverified	
Imla 2009	D_03452	باگۇ	headword	078_col2.png	unverified	
Imla 2009	D_03452-s1	باگۇ ئەدەبىياتى	subentry	078_col2.png	unverified	D_03452
Imla 2009	D_03870	بەن	headword	086_col2.png	unverified	
Imla 2009	D_03870-i1	بەنى	inflected	086_col2.png	unverified	
Imla 2009	D_03878	بەندىڭ	headword	086_col3.png	unverified	
Imla 2009	D_03879	بەنزە	headword	086_col3.png	unverified	
Imla 2009	D_03879-s1	بەنزە ئالماشماق	subentry	086_col3.png	unverified	D_03879
Imla 2009	D_03919	بوتۇڭ	headword	087_col2.png	unverified	
Imla 2009	D_03929	بوجاڭ	headword	087_col2.png	unverified	
Imla 2009	D_03929-i1	بوجاڭى	inflected	087_col2.png	unverified	
Imla 2009	D_03929-s1	بوجاڭلىق	subentry	087_col2.png	unverified	D_03929
Imla 2009	D_04119	بولا	headword	091_col1.png	unverified	
Imla 2009	D_04119-s1	بولا بولماق	subentry	091_col1.png	unverified	D_04119
Imla 2009	D_04119-s2	بولا قىلماق	subentry	091_col1.png	unverified	D_04119
Imla 2009	D_04129	بولاڭخۇي	headword	091_col2.png	unverified	
Imla 2009	D_04275	بۇدۇڭتەي	headword	094_col1.png	unverified	
Imla 2009	D_04275-s1	بۇدۇڭتەي تۇرماق	subentry	094_col1.png	unverified	D_04275
Imla 2009	D_05146	بىڭسى	headword	111_col3.png	unverified	
Imla 2009	D_05738	پاڭچۇ	headword	124_col2.png	unverified	
Imla 2009	D_05739	پاڭشىڭ	headword	124_col2.png	unverified	
Imla 2009	D_06253	پەيجاڭ	headword	135_col2.png	unverified	
Imla 2009	D_06253-i1	پەيجاڭى	inflected	135_col2.png	unverified	
Imla 2009	D_06255	پەيجۇ	headword	135_col2.png	unverified	
Imla 2009	D_06255-i1	پەيجۇيۇم، پەيجۇيۇڭ، پەيجۇسى	inflected	135_col2.png	unverified	
Imla 2009	D_06255-s1	پەيجۇسى يوق	subentry	135_col2.png	unverified	D_06255
Imla 2009	D_06407	پوكەي	headword	138_col2.png	unverified	
Imla 2009	D_06407-s1	پوكەي تۈزۈمى	subentry	138_col2.png	unverified	D_06407
Imla 2009	D_06407-s2	پوكەي نازارەتچىلىكى	subentry	138_col2.png	unverified	D_06407
Imla 2009	D_06407-s3	پوكەي ھاۋالىسى	subentry	138_col2.png	unverified	D_06407
Imla 2009	D_06536	پۇجۇڭ	headword	141_col1.png	unverified	
Imla 2009	D_06651	پۇڭمەنزە	headword	143_col3.png	unverified	
Imla 2009	D_07301	پىنتاڭ	headword	157_col1.png	unverified	
Imla 2009	D_07890	تاڭجاڭ	headword	170_col3.png	unverified	
Imla 2009	D_07890-i1	تاڭجاڭى	inflected	170_col3.png	unverified	
Imla 2009	D_07895	تاڭزۇڭزا	headword	171_col1.png	unverified	
Imla 2009	D_07895-s1	تاڭزۇڭزا بايرىمى	subentry	171_col1.png	unverified	D_07895
Imla 2009	D_07900	تاڭشىر	headword	171_col1.png	unverified	
Imla 2009	D_07904	تاڭگازا	headword	171_col1.png	unverified	
Imla 2009	D_07904-s1	تاڭگازا چىشلىۋالغاندەك	subentry	171_col1.png	unverified	D_07904
Imla 2009	D_08265	تەتەي	headword	179_col1.png	unverified	
Imla 2009	D_08851	تەنزە	headword	192_col2.png	unverified	
Imla 2009	D_08851-s1	تەنزە يايماق	subentry	192_col2.png	unverified	D_08851
Imla 2009	D_08933	تەيپىڭتيەنگو	headword	194_col2.png	unverified	
Imla 2009	D_09160	توشۇڭ	headword	199_col2.png	unverified	
Imla 2009	D_09160-s1	توشۇڭ ئارغامچا	subentry	199_col2.png	unverified	D_09160
Imla 2009	D_09270	توكاڭ	headword	202_col1.png	unverified	
Imla 2009	D_09458	تۇەن	headword	206_col2.png	unverified	
Imla 2009	D_09459	تۇەنجاڭ	headword	206_col2.png	unverified	
Imla 2009	D_09459-i1	تۇەنجاڭى	inflected	206_col2.png	unverified	
Imla 2009	D_09714	تۇڭ	headword	212_col2.png	unverified	
Imla 2009	D_10949	تىيزا	headword	239_col3.png	unverified	
Imla 2009	D_10958	جا	headword	240_col1.png	unverified	
Imla 2009	D_10982	جاجازا	headword	240_col3.png	unverified	
Imla 2009	D_10983	جادا	headword	240_col3.png	unverified	
Imla 2009	D_10983-s1	جادىغا باسماق	subentry	240_col3.png	unverified	D_10983
Imla 2009	D_11112	جاڭدۇ	headword	243_col2.png	unverified	
Imla 2009	D_11115	جاڭزا	headword	243_col2.png	unverified	
Imla 2009	D_11126	جاڭيۇ	headword	243_col3.png	unverified	
Imla 2009	D_11181	جامبۇ	headword	244_col3.png	unverified	
Imla 2009	D_11250	جاۋەن	headword	246_col3.png	unverified	
Imla 2009	D_11396	جوتاڭ	headword	249_col3.png	unverified	
Imla 2009	D_11396-s1	جوتاڭ چالماق	subentry	249_col3.png	unverified	D_11396
Imla 2009	D_11397	جوتۇ	headword	249_col3.png	unverified	
Imla 2009	D_11422	جوزا	headword	250_col1.png	unverified	
Imla 2009	D_11457	جۇ	headword	250_col3.png	unverified	
Imla 2009	D_11457-s1	جۇ ئالماق	subentry	250_col3.png	unverified	D_11457
Imla 2009	D_11457-s2	جۇ كىرمەك	subentry	250_col3.png	unverified	D_11457
Imla 2009	D_11505	جۇڭ	headword	251_col3.png	unverified	
Imla 2009	D_11505-s1	جۇڭ سۆرەشمەك	subentry	251_col3.png	unverified	D_11505
Imla 2009	D_11506	جۇڭجياڭ	headword	251_col3.png	unverified	
Imla 2009	D_11509	جۇڭسەنفۇ	headword	251_col3.png	unverified	
Imla 2009	D_11510	جۇڭشى	headword	251_col3.png	unverified	
Imla 2009	D_11511	جۇڭشياۋ	headword	251_col3.png	unverified	
Imla 2009	D_11519	جۇڭۋېي	headword	252_col1.png	unverified	
Imla 2009	D_11553	جۇۋاۋا	headword	252_col3.png	unverified	
Imla 2009	D_11562	جۇيازا	headword	252_col3.png	unverified	
Imla 2009	D_11634	جۈنتۈەن	headword	254_col1.png	unverified	
Imla 2009	D_11635	جۈنجاڭ	headword	254_col1.png	unverified	
Imla 2009	D_11638	جۈنۋېي	headword	254_col2.png	unverified	
Imla 2009	D_11682	جىتۇەنجۈن	headword	255_col1.png	unverified	
Imla 2009	D_11725	جىزا	headword	256_col1.png	unverified	
Imla 2009	D_11730	جىسا	headword	256_col1.png	unverified	
Imla 2009	D_11785	جىڭموما	headword	257_col2.png	unverified	
Imla 2009	D_11819	جىمبۇ	headword	258_col1.png	unverified	
Imla 2009	D_11893	جياڭگۇەن	headword	259_col3.png	unverified	
Imla 2009	D_11894	جياڭلىڭ	headword	259_col3.png	unverified	
Imla 2009	D_11903	جىيەندۈي	headword	259_col3.png	unverified	
Imla 2009	D_11984	چاجاڭ	headword	262_col1.png	unverified	
Imla 2009	D_11984-s1	چاجاڭ تىكمەك	subentry	262_col1.png	unverified	D_11984
Imla 2009	D_12224	چاڭپوزا	headword	266_col3.png	unverified	
Imla 2009	D_12232	چاڭچىلە	headword	266_col3.png	unverified	
Imla 2009	D_12526	چەن	headword	272_col3.png	unverified	
Imla 2009	D_12528	چەندازا	headword	272_col3.png	unverified	
Imla 2009	D_12540	چەي	headword	272_col3.png	unverified	
Imla 2009	D_12541	چەيدو	headword	272_col3.png	unverified	
Imla 2009	D_12542	چەيزە	headword	272_col3.png	unverified	
Imla 2009	D_12542-s1	چەيزە رەڭ	subentry	272_col3.png	unverified	D_12542
Imla 2009	D_12750	چۇخەي	headword	276_col3.png	unverified	
Imla 2009	D_13190	چى	headword	285_col2.png	unverified	
Imla 2009	D_13321	چىزا	headword	288_col1.png	unverified	
Imla 2009	D_13438	چىڭلۇن	headword	290_col3.png	unverified	
Imla 2009	D_13640	خاسىڭ	headword	295_col1.png	unverified	
Imla 2009	D_13867	خەي	headword	300_col2.png	unverified	
Imla 2009	D_13868	خەيدەي	headword	300_col2.png	unverified	
Imla 2009	D_13880	خەيلى	headword	300_col2.png	unverified	
Imla 2009	D_13880-s1	خەيلى بولماق	subentry	300_col2.png	unverified	D_13880
Imla 2009	D_13880-s2	خەيلى قىلماق	subentry	300_col2.png	unverified	D_13880
Imla 2009	D_13882	خو	headword	300_col2.png	unverified	
Imla 2009	D_13907	خوخەنزە	headword	301_col1.png	unverified	
Imla 2009	D_13958	خوشو	headword	301_col3.png	unverified	
Imla 2009	D_13980	خۇاجەر	headword	302_col2.png	unverified	
Imla 2009	D_14072	خۇلاڭزا	headword	304_col2.png	unverified	
Imla 2009	D_14110	خۇيزۇ	headword	305_col1.png	unverified	
Imla 2009	D_14278	داتاڭ	headword	308_col2.png	unverified	
Imla 2009	D_14278-s1	داتاڭ سورىقى	subentry	308_col2.png	unverified	D_14278
Imla 2009	D_14286	داجياڭ	headword	308_col3.png	unverified	
Imla 2009	D_14286-i1	داجياڭى	inflected	308_col3.png	unverified	
Imla 2009	D_14298	دادەن	headword	309_col1.png	unverified	
Imla 2009	D_14307	دادۇر	headword	309_col1.png	unverified	
Imla 2009	D_14308	دادۈي	headword	309_col1.png	unverified	
Imla 2009	D_14309	دادۈيجاڭ	headword	309_col1.png	unverified	
Imla 2009	D_14309-i1	دادۈيجاڭى	inflected	309_col1.png	unverified	
Imla 2009	D_14359	دارىن	headword	310_col1.png	unverified	
Imla 2009	D_14377	داشياۋ	headword	310_col2.png	unverified	
Imla 2009	D_14377-i1	داشىياۋ	inflected	310_col2.png	unverified	
Imla 2009	D_14548	داۋبەن	headword	314_col1.png	unverified	
Imla 2009	D_14554	داۋلى	headword	314_col1.png	unverified	
Imla 2009	D_14561	داۋېي	headword	314_col1.png	unverified	
Imla 2009	D_14579	دايۇەنشۇەي	headword	314_col3.png	unverified	
Imla 2009	D_14580	دايى	headword	314_col3.png	unverified	
Imla 2009	D_14736	دەڭ	headword	317_col3.png	unverified	
Imla 2009	D_14737	دەڭجا	headword	317_col3.png	unverified	
Imla 2009	D_14767	دەللىڭ	headword	318_col2.png	unverified	
Imla 2009	D_14804	دەن	headword	319_col1.png	unverified	
Imla 2009	D_14851	دوتەي	headword	320_col1.png	unverified	
Imla 2009	D_14860	دودەن	headword	320_col2.png	unverified	
Imla 2009	D_15031	دومىلە	headword	324_col1.png	unverified	
Imla 2009	D_15031-s1	دومىلە باسماق	subentry	324_col1.png	unverified	D_15031
Imla 2009	D_15052	دۇبەن	headword	324_col2.png	unverified	
Imla 2009	D_15097	دۇفۇ	headword	325_col2.png	unverified	
Imla 2009	D_15130	دۇنخۇاڭ	headword	326_col1.png	unverified	
Imla 2009	D_15212	دۈدۈزە	headword	328_col2.png	unverified	
Imla 2009	D_15281	دۈيجاڭ	headword	330_col1.png	unverified	
Imla 2009	D_15281-i1	دۈيجاڭى	inflected	330_col1.png	unverified	
Imla 2009	D_15283	دۈيزە	headword	330_col1.png	unverified	
Imla 2009	D_15383	دىبەن	headword	332_col2.png	unverified	
Imla 2009	D_15385	دىپەي	headword	332_col2.png	unverified	
Imla 2009	D_15407	دىچۆلياڭ	headword	332_col3.png	unverified	
Imla 2009	D_15484	دىكا	headword	334_col2.png	unverified	
Imla 2009	D_15484-s1	دىكا چاپان	subentry	334_col2.png	unverified	D_15484
Imla 2009	D_15544	دىلۇن	headword	335_col2.png	unverified	
Imla 2009	D_16220	زاسۈي	headword	349_col3.png	unverified	
Imla 2009	D_16249	زاكۇ	headword	350_col1.png	unverified	
Imla 2009	D_16302	زاۋېن	headword	351_col2.png	unverified	
Imla 2009	D_16490	زۇڭتۇڭ	headword	355_col3.png	unverified	
Imla 2009	D_16491	زۇڭتۇڭلۇق	headword	355_col3.png	unverified	
Imla 2009	D_16491-s1	زۇڭتۇڭلۇق تۈزۈم	subentry	355_col3.png	unverified	D_16491
Imla 2009	D_16492	زۇڭلى	headword	355_col3.png	unverified	
Imla 2009	D_16492-s1	زۇڭلىلىق	subentry	355_col3.png	unverified	D_16492
Imla 2009	D_16611	زىڭلى	headword	358_col1.png	unverified	
Imla 2009	D_16611-s1	زىڭلى قىلماق	subentry	358_col1.png	unverified	D_16611
Imla 2009	D_17557	سەنپەن	headword	378_col2.png	unverified	
Imla 2009	D_17557-s1	سەنپەن سوقماق	subentry	378_col2.png	unverified	D_17557
Imla 2009	D_17559	سەنتاڭرۇ	headword	378_col2.png	unverified	
Imla 2009	D_17575	سەنلۇر	headword	378_col3.png	unverified	
Imla 2009	D_17578	سەنمۇ	headword	378_col3.png	unverified	
Imla 2009	D_17632	سەي	headword	379_col3.png	unverified	
Imla 2009	D_17632-s1	سەي بولماسلىق	subentry	379_col3.png	unverified	D_17632
Imla 2009	D_17632-s2	سەي پۇرچاق	subentry	379_col3.png	unverified	D_17632
Imla 2009	D_17632-s3	سەي كاۋىسى	subentry	379_col3.png	unverified	D_17632
Imla 2009	D_17639	سەيدۇ	headword	379_col3.png	unverified	
Imla 2009	D_17657	سەيۋەن	headword	380_col1.png	unverified	
Imla 2009	D_17898	سولياۋ	headword	385_col2.png	unverified	
Imla 2009	D_17898-s1	سولياۋ پالاس	subentry	385_col2.png	unverified	D_17898
Imla 2009	D_17898-s2	سولياۋ خالتا	subentry	385_col2.png	unverified	D_17898
Imla 2009	D_17898-s3	سولياۋ يوپۇق	subentry	385_col2.png	unverified	D_17898
Imla 2009	D_18948	سىلىڭ	headword	409_col3.png	unverified	
Imla 2009	D_18949	سىلىڭبۇ	headword	409_col3.png	unverified	
Imla 2009	D_18950	سىلىڭجاڭگۇەن	headword	409_col3.png	unverified	
Imla 2009	D_18951	سىلىڭگۇەن	headword	409_col3.png	unverified	
Imla 2009	D_18952	سىلىڭلىق	headword	410_col1.png	unverified	
Imla 2009	D_18952-s1	سىلىڭلىق قىلماق	subentry	410_col1.png	unverified	D_18952
Imla 2009	D_18953	سىلىڭيۇەن	headword	410_col1.png	unverified	
Imla 2009	D_19045	سىيا	headword	412_col1.png	unverified	
Imla 2009	D_19045-s1	سىيا چۈشمەك	subentry	412_col1.png	unverified	D_19045
Imla 2009	D_19266	شازا	headword	418_col1.png	unverified	
Imla 2009	D_19301	شاڭتو	headword	418_col3.png	unverified	
Imla 2009	D_19301-s1	شاڭتو ئات	subentry	418_col3.png	unverified	D_19301
Imla 2009	D_19302	شاڭجياڭ	headword	418_col3.png	unverified	
Imla 2009	D_19302-i1	شاڭجياڭى	inflected	418_col3.png	unverified	
Imla 2009	D_19303	شاڭخادەن	headword	418_col3.png	unverified	
Imla 2009	D_19303-s1	شاڭخادەن تاۋار	subentry	418_col3.png	unverified	D_19303
Imla 2009	D_19308	شاڭزۇڭ	headword	418_col3.png	unverified	
Imla 2009	D_19309	شاڭشى	headword	418_col3.png	unverified	
Imla 2009	D_19310	شاڭشياۋ	headword	418_col3.png	unverified	
Imla 2009	D_19310-i1	شاڭشياۋى	inflected	418_col3.png	unverified	
Imla 2009	D_19311	شاڭۋېي	headword	418_col3.png	unverified	
Imla 2009	D_19312	شاڭيو	headword	418_col3.png	unverified	
Imla 2009	D_19439	شاۋۋېي	headword	421_col3.png	unverified	
Imla 2009	D_19548	شەڭگەن	headword	424_col1.png	unverified	
Imla 2009	D_19548-s1	شەڭگەن يامۇلى	subentry	424_col1.png	unverified	D_19548
Imla 2009	D_19551	شەللەڭزە	headword	424_col2.png	unverified	
Imla 2009	D_19559	شەمبىزە	headword	424_col2.png	unverified	
Imla 2009	D_19603	شوپاڭ	headword	425_col2.png	unverified	
Imla 2009	D_19678	شويى	headword	427_col1.png	unverified	
Imla 2009	D_19686	شۇجى	headword	427_col2.png	unverified	
Imla 2009	D_19728	شۇمپەن	headword	428_col1.png	unverified	
Imla 2009	D_19792	شۈڭگەن	headword	429_col1.png	unverified	
Imla 2009	D_19830	شېڭمۇ	headword	430_col1.png	unverified	
Imla 2009	D_19837	شى	headword	430_col1.png	unverified	
Imla 2009	D_19841	شىبەن	headword	430_col1.png	unverified	
Imla 2009	D_19881	شىتۇەن	headword	430_col3.png	unverified	
Imla 2009	D_20057	شىنجاڭ	headword	434_col2.png	unverified	
Imla 2009	D_20057-s1	شىنجاڭ سەمەندىرى	subentry	434_col2.png	unverified	D_20057
Imla 2009	D_20057-s2	شىنجاڭ كېلەرى	subentry	434_col2.png	unverified	D_20057
Imla 2009	D_20665	فاگاۋ	headword	447_col3.png	unverified	
Imla 2009	D_20667	فاڭجېن	headword	447_col3.png	unverified	
Imla 2009	D_20755	فۇگۈەن	headword	449_col2.png	unverified	
Imla 2009	D_23662	كاجى	headword	522_col1.png	unverified	
Imla 2009	D_23851	كاڭمەنزە	headword	525_col2.png	unverified	
Imla 2009	D_23859	كالاڭچۇر	headword	525_col3.png	unverified	
Imla 2009	D_24332	كەنجەر	headword	535_col3.png	unverified	
Imla 2009	D_24610	كويزا	headword	541_col2.png	unverified	
Imla 2009	D_24610-s1	كويزا سالماق	subentry	541_col2.png	unverified	D_24610
Imla 2009	D_25974	گادا	headword	575_col1.png	unverified	
Imla 2009	D_26040	گاگار	headword	576_col3.png	unverified	
Imla 2009	D_26040-s1	گاگار ئوينىماق	subentry	576_col3.png	unverified	D_26040
Imla 2009	D_26044	گاڭبەن	headword	577_col1.png	unverified	
Imla 2009	D_26046	گاڭپەن	headword	577_col1.png	unverified	
Imla 2009	D_26047	گاڭزا	headword	577_col1.png	unverified	
Imla 2009	D_26047-s1	گاڭزىغا باسماق	subentry	577_col1.png	unverified	D_26047
Imla 2009	D_26050	گاڭگۇڭ	headword	577_col1.png	unverified	
Imla 2009	D_26163	گەنجى	headword	580_col2.png	unverified	
Imla 2009	D_26164	گەنجىڭ	headword	580_col2.png	unverified	
Imla 2009	D_26177	گەيجاڭ	headword	580_col3.png	unverified	
Imla 2009	D_26177-i1	گەيجاڭى	inflected	580_col3.png	unverified	
Imla 2009	D_26178	گوبى	headword	580_col3.png	unverified	
Imla 2009	D_26179	گوپەي	headword	580_col3.png	unverified	
Imla 2009	D_26180	گوجەي	headword	580_col3.png	unverified	
Imla 2009	D_26180-s1	گوجەي يۆگىمەك	subentry	580_col3.png	unverified	D_26180
Imla 2009	D_26186	گوشۇڭ	headword	580_col3.png	unverified	
Imla 2009	D_26203	گوۋۇيۈەن	headword	581_col1.png	unverified	
Imla 2009	D_26249	گۇڭپۇڭ	headword	582_col1.png	unverified	
Imla 2009	D_26250	گۇڭتۇر	headword	582_col1.png	unverified	
Imla 2009	D_26253	گۇڭشى	headword	582_col1.png	unverified	
Imla 2009	D_26294	گۇمپا	headword	582_col3.png	unverified	
Imla 2009	D_26314	گۇي	headword	583_col1.png	unverified	
Imla 2009	D_26809	لازا	headword	593_col2.png	unverified	
Imla 2009	D_27083	لوبا	headword	598_col2.png	unverified	
Imla 2009	D_27100	لوزۇڭ	headword	598_col3.png	unverified	
Imla 2009	D_27137	لوڭيەن	headword	599_col3.png	unverified	
Imla 2009	D_27144	لومودى	headword	599_col3.png	unverified	
Imla 2009	D_27147	لويى	headword	599_col3.png	unverified	
Imla 2009	D_27149	لۇشيەن	headword	599_col3.png	unverified	
Imla 2009	D_27173	لۈي	headword	600_col1.png	unverified	
Imla 2009	D_27174	لۈيجاڭ	headword	600_col1.png	unverified	
Imla 2009	D_27174-i1	لۈيجاڭى	inflected	600_col1.png	unverified	
Imla 2009	D_27239	لىجى	headword	601_col1.png	unverified	
Imla 2009	D_27239-s1	لىجى كونسىرۋاسى	subentry	601_col1.png	unverified	D_27239
Imla 2009	D_27250	لىزۇ	headword	601_col2.png	unverified	
Imla 2009	D_27253	لىسۇ	headword	601_col2.png	unverified	
Imla 2009	D_27306	لىم	headword	602_col2.png	unverified	
Imla 2009	D_27306-s1	لىم سېلىنچىسى	subentry	602_col2.png	unverified	D_27306
Imla 2009	D_27306-s2	لىم كۆۋرۈك	subentry	602_col2.png	unverified	D_27306
Imla 2009	D_27374	ماجاڭ	headword	604_col3.png	unverified	
Imla 2009	D_27374-s1	ماجاڭ ئوينىماق	subentry	604_col3.png	unverified	D_27374
Imla 2009	D_27394	ماخاۋ	headword	605_col1.png	unverified	
Imla 2009	D_27394-s1	ماخاۋ بولماق	subentry	605_col1.png	unverified	D_27394
Imla 2009	D_27394-s2	ماخاۋ قىلماق	subentry	605_col1.png	unverified	D_27394
Imla 2009	D_27394-s3	ماخاۋ كېسىلى	subentry	605_col1.png	unverified	D_27394
Imla 2009	D_27581	ماگازا	headword	609_col3.png	unverified	
Imla 2009	D_28134	مەڭگەن	headword	621_col2.png	unverified	
Imla 2009	D_28201	مەنپەر	headword	622_col3.png	unverified	
Imla 2009	D_28201-s1	مەنپەر سومەن	subentry	622_col3.png	unverified	D_28201
Imla 2009	D_28346	موخازا	headword	626_col1.png	unverified	
Imla 2009	D_28795	مۇلاۋ	headword	636_col3.png	unverified	
Imla 2009	D_29361	مىلەڭزە	headword	649_col2.png	unverified	
Imla 2009	D_29865	نەنمۇ	headword	660_col2.png	unverified	
Imla 2009	D_29865-s1	نەنمۇ دەرىخى	subentry	660_col2.png	unverified	D_29865
Imla 2009	D_33192	ۋادو	headword	739_col3.png	unverified	
Imla 2009	D_33192-i1	ۋادويۇم، ۋادويۇڭ، ۋادوسى	inflected	739_col3.png	unverified	
Imla 2009	D_33448	ۋەنزە	headword	745_col1.png	unverified	
Imla 2009	D_35887	ياڭزا	headword	800_col2.png	unverified	
Imla 2009	D_35890	ياڭزىجاڭ	headword	800_col2.png	unverified	
Imla 2009	D_35890-s1	ياڭزىجاڭ تىمساھى	subentry	800_col2.png	unverified	D_35890
Imla 2009	D_35900	ياڭيۇ	headword	800_col2.png	unverified	
Imla 2009	D_35900-s1	ياڭيۇ بۇلماق	subentry	800_col2.png	unverified	D_35900
Imla 2009	D_35900-s2	ياڭيۇ پىل تۇمشۇق قوڭغۇزى	subentry	800_col2.png	unverified	D_35900
Imla 2009	D_36031	يامبۇ	headword	803_col3.png	unverified	
Imla 2009	D_36031-i1	يامبۇيۇم، يامبۇيۇڭ، يامبۇسى	inflected	803_col3.png	unverified	
Imla 2009	D_36740	يۈەنشۇەي	headword	821_col2.png	unverified	
Imla 2009	D_36863	يۈنمۇ	headword	825_col2.png	unverified	
Imla 2009	D_36863-s1	يۈنمۇ ئاخىرى	subentry	825_col2.png	unverified	D_36863
Imla 2009	D_36863-s2	يۈنمۇ بېشى	subentry	825_col2.png	unverified	D_36863
Imla 2009	D_36863-s3	يۈنمۇ مەركىزى	subentry	825_col2.png	unverified	D_36863
Imla 2009	D_37263	يىڭجاڭ	headword	835_col3.png	unverified	
Imla 2009	D_37263-i1	يىڭجاڭى	inflected	835_col3.png	unverified	
1990s v1	D90-1-03066	ئەرخۇ	headword	249_2L.png	unverified	
1990s v1	D90-1-03846	ئەنزە	headword	312_1R.png	unverified	
1990s v1	D90-1-03847	ئەنزە ئاغدۇرماق	subentry	312_1R.png	unverified	D90-1-03846
1990s v1	D90-1-04087	باجىڭگىر	headword	332_1R.png	unverified	
1990s v1	D90-1-04090	باجياۋ	headword	332_2L.png	unverified	
1990s v1	D90-1-04297	بازىمەن	headword	346_2L.png	unverified	
1990s v1	D90-1-04699	باشى	headword	379_1R.png	unverified	
1990s v1	D90-1-04827	باگۇ	headword	390_2L.png	unverified	
1990s v1	D90-1-04829	باڭ	headword	390_2L.png	unverified	
1990s v1	D90-1-05319	بەسەي	headword	433_1R.png	unverified	
1990s v1	D90-1-05467	بەن	headword	444_2L.png	unverified	
1990s v1	D90-1-05467-i1	بەنى	inflected	444_2L.png	unverified	
1990s v1	D90-1-05479	بەندىڭ	headword	446_2L.png	unverified	
1990s v1	D90-1-05480	بەنزە	headword	446_2L.png	unverified	
1990s v1	D90-1-05586	بورۇن	headword	457_1R.png	unverified	
1990s v1	D90-1-05638	بوسو	headword	460_2L.png	unverified	
1990s v1	D90-1-05759	بولا	headword	471_2L.png	unverified	
1990s v1	D90-1-05760	بولا بولماق	subentry	471_2L.png	unverified	D90-1-05759
1990s v1	D90-1-05762	بولا بولماق	subentry	471_2L.png	unverified	D90-1-05761
1990s v1	D90-1-05763	بولا قىلماق	subentry	471_2L.png	unverified	D90-1-05761
1990s v1	D90-1-05764	بولىغا كەتمەك	subentry	471_2L.png	unverified	D90-1-05761
1990s v1	D90-1-05778	بولاڭخۇي	headword	472_2L.png	unverified	
1990s v1	D90-1-06019	بۇدۇڭتەي	headword	492_1R.png	unverified	
1990s v1	D90-1-06020	بۇدۇڭتەي تۇرماق	subentry	492_1R.png	unverified	D90-1-06019
1990s v1	D90-1-07178	بىڭسى	headword	581_1R.png	unverified	
1990s v1	D90-1-07179	بىڭگۇر	headword	581_2L.png	unverified	
1990s v1	D90-1-07906	پاڭ	headword	649_1R.png	unverified	
1990s v1	D90-1-07907	پاڭ بولماق	subentry	649_1R.png	unverified	D90-1-07906
1990s v1	D90-1-07908	پاڭ قىلماق	subentry	649_1R.png	unverified	D90-1-07906
1990s v1	D90-1-07911	پاڭ بولماق	subentry	649_1R.png	unverified	D90-1-07910
1990s v1	D90-1-07915	پاڭچۇ	headword	649_2L.png	verified	
1990s v1	D90-1-07916	پاڭشىڭ	headword	649_2L.png	unverified	
1990s v1	D90-1-08499-v1	تاختاي	variant	702_1R.png	unverified	
1990s v1	D90-1-08540	پەي	headword	706_2L.png	unverified	
1990s v1	D90-1-08541	پەي توپ	subentry	706_2L.png	unverified	D90-1-08540
1990s v1	D90-1-08542	پەي قەلەم	subentry	706_2L.png	unverified	D90-1-08540
1990s v1	D90-1-08543	پەي ياستۇق	subentry	706_2L.png	unverified	D90-1-08540
1990s v1	D90-1-08555	پەيجاڭ	headword	708_1R.png	unverified	
1990s v1	D90-1-08557	پەيجۇ	headword	708_1R.png	unverified	
1990s v1	D90-1-08558	پەيچۇسو	headword	708_1R.png	unverified	
1990s v1	D90-1-08711	پو	headword	721_2L.png	unverified	
1990s v1	D90-1-08712	پو ئاتماق	subentry	721_2L.png	unverified	D90-1-08711
1990s v1	D90-1-08713	پو سۆزلىمەك ← پو ئاتماق	subentry	721_2L.png	unverified	D90-1-08711
1990s v1	D90-1-08883	پوكەي	headword	732_2L.png	unverified	
1990s v1	D90-1-09036	پۇجۇڭ	headword	743_2L.png	unverified	
1990s v1	D90-1-09493	پىپا	headword	779_1R.png	unverified	
1990s v1	D90-1-09494	پىپەن	headword	779_1R.png	verified	
1990s v1	D90-1-09495	پىپەن قىلماق	subentry	779_1R.png	unverified	D90-1-09494
1990s v1	D90-1-09739	پىڭ	headword	799_2L.png	unverified	
1990s v1	D90-1-09742	پىڭغاڭ	headword	799_2L.png	unverified	
1990s v1	D90-1-09742-v1	كۋادرات	variant	799_2L.png	unverified	
1990s v1	D90-1-09828	پىنتاڭ	headword	807_1R.png	verified	
1990s v2	D90-2-00096	تاتازا	headword	010_1R.png	unverified	
1990s v2	D90-2-00695	تاكېسەي	headword	068_2L.png	unverified	
1990s v2	D90-2-00721	تاڭجاڭ	headword	070_2L.png	unverified	
1990s v2	D90-2-00722-v1	ساخارىن	variant	070_2L.png	unverified	
1990s v2	D90-2-00727	تاڭزۇڭزا	headword	071_1R.png	unverified	
1990s v2	D90-2-00733	تاڭگا	headword	071_2L.png	unverified	
1990s v2	D90-2-00734	تاڭگازا	headword	071_2L.png	unverified	
1990s v2	D90-2-02037	تەنزە	headword	198_1R.png	unverified	
1990s v2	D90-2-02038	تەنزە يايماق	subentry	198_1R.png	unverified	D90-2-02037
1990s v2	D90-2-02167	تەيپىڭتيەنگو	headword	210_1R.png	unverified	
1990s v2	D90-2-02169	تەيجى	headword	210_1R.png	unverified	
1990s v2	D90-2-02170	تەيجىچۈەن	headword	210_1R.png	unverified	
1990s v2	D90-2-02172	تەيفېڭ	headword	210_2L.png	verified	
1990s v2	D90-2-02172-v1	تەيفېڭ شامىلى	variant	210_2L.png	verified	
1990s v2	D90-2-02173	تەيفېڭ شامىلى	subentry	210_2L.png	verified	D90-2-02172
1990s v2	D90-2-02252	تو	headword	217_2L.png	unverified	
1990s v2	D90-2-02385	توخۇڭ	headword	232_1R.png	unverified	
1990s v2	D90-2-02526	توشۇڭ	headword	248_1R.png	unverified	
1990s v2	D90-2-02527	توشۇڭنى ئۈزۈدىغان	subentry	248_1R.png	unverified	D90-2-02526
1990s v2	D90-2-02694	توكاڭ	headword	268_1R.png	unverified	
1990s v2	D90-2-02965	تۇەن	headword	299_1R.png	unverified	
1990s v2	D90-2-02966	تۇەنجاڭ	headword	299_1R.png	unverified	
1990s v2	D90-2-03079	تۇخاۋ	headword	314_1R.png	unverified	
1990s v2	D90-2-03344	تۇڭ	headword	341_1R.png	unverified	
1990s v2	D90-2-03347	تۇڭخاۋ	headword	341_2L.png	unverified	
1990s v2	D90-2-03348	تۇڭگو	headword	341_2L.png	verified	
1990s v2	D90-2-03348-v1	تۇڭگو دەرىخى	variant	341_2L.png	verified	
1990s v2	D90-2-03349	تۇڭگو دەرىخى	subentry	341_2L.png	unverified	D90-2-03348
1990s v2	D90-2-04463	تىخۇدى	headword	449_1R.png	unverified	
1990s v2	D90-2-05003	تىيانشان	headword	502_2L.png	unverified	
1990s v2	D90-2-05008	تىيزا	headword	503_1R.png	unverified	
1990s v2	D90-2-05018	جا	headword	504_1R.png	unverified	
1990s v2	D90-2-05020	جا ئەيلىمەك	subentry	504_1R.png	unverified	D90-2-05019
1990s v2	D90-2-05021	جا قىلماق ← جا ئەيلىمەك	subentry	504_1R.png	unverified	D90-2-05019
1990s v2	D90-2-05052	جادا	headword	507_2L.png	unverified	
1990s v2	D90-2-05053	جادىغا باسماق	subentry	507_2L.png	unverified	D90-2-05052
1990s v2	D90-2-05153	جاسەي	headword	515_2L.png	unverified	
1990s v2	D90-2-05197	جاڭ	headword	518_2L.png	unverified	
1990s v2	D90-2-05212	جاڭدۇ	headword	520_1R.png	unverified	
1990s v2	D90-2-05224	جاڭيۇ	headword	520_2L.png	unverified	
1990s v2	D90-2-05280	جامبۇ	headword	524_1R.png	unverified	
1990s v2	D90-2-05280-v1	دەسمال	variant	524_1R.png	unverified	
1990s v2	D90-2-05511	جاۋەن	headword	546_1R.png	unverified	
1990s v2	D90-2-05693	جوتاڭ	headword	565_1R.png	verified	
1990s v2	D90-2-05694	جوتاڭ چالماق	subentry	565_1R.png	unverified	D90-2-05693
1990s v2	D90-2-05695	جوتۇ	headword	565_1R.png	unverified	
1990s v2	D90-2-05716	جوزا	headword	566_2L.png	unverified	
1990s v2	D90-2-05747	جۇ	headword	568_1R.png	unverified	
1990s v2	D90-2-05808	جۇڭ	headword	573_2L.png	unverified	
1990s v2	D90-2-05810	جۇڭجياڭ	headword	573_2L.png	unverified	
1990s v2	D90-2-05811	جۇڭخۇا	headword	573_2L.png	unverified	
1990s v2	D90-2-05812	جۇڭخۇا خەلق جۇمھۇرىيىتى	headword	573_2L.png	unverified	
1990s v2	D90-2-05815	جۇڭسەنغۇ	headword	574_2L.png	unverified	
1990s v2	D90-2-05816	جۇڭشى	headword	574_2L.png	unverified	
1990s v2	D90-2-05817	جۇڭشياۋ	headword	574_2L.png	unverified	
1990s v2	D90-2-05818	جۇڭگو	headword	574_2L.png	unverified	
1990s v2	D90-2-05819	جۇڭگو ئەتىرگۈلى	headword	574_2L.png	unverified	
1990s v2	D90-2-05820	جۇڭگو باينىقى	headword	574_2L.png	unverified	
1990s v2	D90-2-05821	جۇڭگو بىداياقى	headword	575_1R.png	unverified	
1990s v2	D90-2-05822	جۇڭگو پىستىسى	headword	575_1R.png	unverified	
1990s v2	D90-2-05823	جۇڭگو پىيىزى	headword	575_1R.png	unverified	
1990s v2	D90-2-05825	جۇڭگو چىنارى	headword	575_2L.png	unverified	
1990s v2	D90-2-05828	جۇڭگو غازتاپان دەرىخى	headword	576_1R.png	unverified	
1990s v2	D90-2-05829	جۇڭگو كەتىراسى	headword	576_1R.png	unverified	
1990s v2	D90-2-05832	جۇڭگو موزىسى	headword	576_2L.png	unverified	
1990s v2	D90-2-05834	جۇڭگو ئېيىقتاپىنى	headword	576_2L.png	unverified	
1990s v2	D90-2-05848	جۇڭۋېي	headword	579_1R.png	unverified	
1990s v2	D90-2-05897	جۇۋاۋا	headword	583_2L.png	unverified	
1990s v2	D90-2-05905	جۇيازا	headword	584_1R.png	unverified	
1990s v2	D90-2-05906	جۆجەي	headword	584_1R.png	unverified	
1990s v2	D90-2-05906-v1	ئېغىزدۇرۇق	variant	584_1R.png	unverified	
1990s v2	D90-2-05957	جۈسەي	headword	588_2L.png	unverified	
1990s v2	D90-2-05957-v1	كۈدە	variant	588_2L.png	unverified	
1990s v2	D90-2-05975	جۈن	headword	590_1R.png	unverified	
1990s v2	D90-2-05976	جۈنتۈەن	headword	590_1R.png	unverified	
1990s v2	D90-2-05977	جۈنجاڭ	headword	590_1R.png	unverified	
1990s v2	D90-2-05978	جۈنۋېي	headword	590_1R.png	unverified	
1990s v2	D90-2-06006	جېندى	headword	592_1R.png	unverified	
1990s v2	D90-2-06014	تتۇۋەنجۈن	headword	593_1R.png	verified	
1990s v2	D90-2-06051	جىزا	headword	596_1R.png	unverified	
1990s v2	D90-2-06058	جىسا	headword	596_2L.png	unverified	
1990s v2	D90-2-06103	جىڭ	headword	601_1R.png	unverified	
1990s v2	D90-2-06132	جىڭموما	headword	603_1R.png	unverified	
1990s v2	D90-2-06173	جىمبو	headword	606_1R.png	unverified	
1990s v2	D90-2-06173-v1	بوغا	variant	606_1R.png	unverified	
1990s v2	D90-2-06290	جياڭجۈن	headword	615_2L.png	unverified	
1990s v2	D90-2-06291	جياڭجۈن مەھكىمىسى	subentry	615_2L.png	unverified	D90-2-06290
1990s v2	D90-2-06292	جياڭيۇ	headword	615_2L.png	unverified	
1990s v2	D90-2-06430	چاجاڭ	headword	629_1R.png	unverified	
1990s v2	D90-2-06431	چاجاڭ تىكمەك	subentry	629_1R.png	unverified	D90-2-06430
1990s v2	D90-2-06432	چاجاڭ قۇرماق ← چاجاڭ تىكمەك	subentry	629_1R.png	unverified	D90-2-06430
1990s v2	D90-2-06563-i1	چا :زا	inflected	640_1R.png	unverified	
1990s v2	D90-2-06736	چاڭپوزا	headword	655_1R.png	unverified	
1990s v2	D90-2-06743	چاڭچىلە	headword	655_2L.png	unverified	
1990s v2	D90-2-06880	چاۋشيەنزۇ	headword	665_2L.png	unverified	
1990s v2	D90-2-07083	چەن	headword	682_2L.png	unverified	
1990s v2	D90-2-07084	چەن سالماق	subentry	682_2L.png	unverified	D90-2-07083
1990s v2	D90-2-07085	چەن سوقماق	subentry	682_2L.png	unverified	D90-2-07083
1990s v2	D90-2-07086	چەندازا	headword	683_1R.png	unverified	
1990s v2	D90-2-07095	چەي	headword	683_2L.png	unverified	
1990s v2	D90-2-07096	چەيدو	headword	683_2L.png	unverified	
1990s v2	D90-2-07097	چەيزە	headword	683_2L.png	unverified	
1990s v2	D90-2-07325	چۇخەي	headword	702_2L.png	unverified	
1990s v2	D90-2-07638	چۈندەيسەي	headword	729_2L.png	unverified	
1990s v2	D90-2-07831	چى	headword	746_2L.png	unverified	
1990s v2	D90-2-07966	چىزا	headword	758_1R.png	unverified	
1990s v2	D90-2-08139	چېگتىيەن تېشى	headword	777_2L.png	unverified	
1990s v2	D90-2-08149	چىڭگىي	headword	778_1R.png	unverified	
1990s v2	D90-2-08167	چىڭلۇن	headword	779_2L.png	unverified	
1990s v2	D90-2-08225	چىلىنسەي	headword	785_1R.png	verified	
1990s v2	D90-2-08391	خاجو	headword	800_2L.png	unverified	
1990s v2	D90-2-08391-v1	كاۋاۋىچىن	variant	800_2L.png	unverified	
1990s v2	D90-2-08469	خاسىڭ	headword	809_2L.png	unverified	
1990s v2	D90-2-08478	خاڭ	headword	810_1R.png	unverified	
1990s v2	D90-2-08485	خاڭگا	headword	810_2L.png	verified	
1990s v2	D90-2-08851	خەي	headword	849_1R.png	unverified	
1990s v2	D90-2-08852	خەيدەي	headword	849_1R.png	unverified	
1990s v2	D90-2-08869	خەيلى	headword	851_1R.png	unverified	
1990s v2	D90-2-08896	خو	headword	853_2L.png	unverified	
1990s v2	D90-2-08942	خوخەنزە	headword	858_1R.png	unverified	
1990s v2	D90-2-09000	خوشاڭ	headword	863_1R.png	unverified	
1990s v2	D90-2-09029	خۇاجەر	headword	865_2L.png	unverified	
1990s v2	D90-2-09030	خۇاڭپۇ	headword	865_2L.png	unverified	
1990s v2	D90-2-09031	خۇاڭپۇ شەرتنامىسى	subentry	865_2L.png	unverified	D90-2-09030
1990s v2	D90-2-09190	خۇلاڭزا	headword	881_2L.png	unverified	
1990s v2	D90-2-09249	خۇيزۇ	headword	888_2L.png	unverified	
1990s v3	D90-3-00031	داتاڭ	headword	003_2L.png	unverified	
1990s v3	D90-3-00032	داتاڭ سوراققا تارتىلماق	subentry	003_2L.png	unverified	D90-3-00031
1990s v3	D90-3-00041	داجياڭ	headword	004_2L.png	unverified	
1990s v3	D90-3-00065	دادەن	headword	006_2L.png	unverified	
1990s v3	D90-3-00082	دادۇر	headword	008_1R.png	unverified	
1990s v3	D90-3-00083	دادۇر چېرىپاشكىسى	subentry	008_1R.png	unverified	D90-3-00082
1990s v3	D90-3-00085	دادۈي	headword	008_1R.png	unverified	
1990s v3	D90-3-00086	دادۈيجاڭ	headword	008_2L.png	unverified	
1990s v3	D90-3-00146	دارىن	headword	013_2L.png	unverified	
1990s v3	D90-3-00183	داشۆ	headword	017_2L.png	unverified	
1990s v3	D90-3-00184	داشياۋ	headword	017_2L.png	unverified	
1990s v3	D90-3-00431	داۋلى	headword	037_1R.png	unverified	
1990s v3	D90-3-00432	داۋلى سۆزلىمەك	subentry	037_1R.png	unverified	D90-3-00431
1990s v3	D90-3-00455	دايى	headword	039_1R.png	unverified	
1990s v3	D90-3-00757	دەڭ	headword	071_1R.png	unverified	
1990s v3	D90-3-00758	دەڭجا	headword	071_1R.png	unverified	
1990s v3	D90-3-00794	دەللىڭ	headword	074_2L.png	unverified	
1990s v3	D90-3-00880	دەن	headword	082_2L.png	unverified	
1990s v3	D90-3-00973	دوتەي	headword	093_1R.png	unverified	
1990s v3	D90-3-00980	دودەن	headword	094_1R.png	unverified	
1990s v3	D90-3-01172	دومىلە	headword	113_2L.png	unverified	
1990s v3	D90-3-01207	دۇبەن	headword	117_1R.png	unverified	
1990s v3	D90-3-01238	دۇدۇ	headword	119_1R.png	unverified	
1990s v3	D90-3-01270	دۇفۇ	headword	122_1R.png	unverified	
1990s v3	D90-3-01271	دۇفۇ پىشلىقى	subentry	122_1R.png	unverified	D90-3-01270
1990s v3	D90-3-01272	دۇفۇ قېتىقى	subentry	122_1R.png	unverified	D90-3-01270
1990s v3	D90-3-01273	دۇفۇ قېقى	subentry	122_1R.png	unverified	D90-3-01270
1990s v3	D90-3-01285	دۇڭ	headword	123_1R.png	unverified	
1990s v3	D90-3-01458	دۈدۈزە	headword	137_2L.png	unverified	
1990s v3	D90-3-01556	دۈي	headword	145_2L.png	unverified	
1990s v3	D90-3-01557	دۈيجاڭ	headword	145_2L.png	unverified	
1990s v3	D90-3-01559	دۇيشياڭ	headword	145_2L.png	unverified	
1990s v3	D90-3-01559-v1	ئوبيېكت	variant	145_2L.png	unverified	
1990s v3	D90-3-01788	دىبەن	headword	168_1R.png	unverified	
1990s v3	D90-3-01788-v1	ئېگاتىپ	variant	168_1R.png	unverified	
1990s v3	D90-3-01789	دىبەيچۇڭ	headword	168_1R.png	unverified	
1990s v3	D90-3-01791	دىپەي	headword	168_2L.png	unverified	
1990s v3	D90-3-01819	دىچۆلياڭ	headword	172_1R.png	unverified	
1990s v3	D90-3-01923	دىڭخولو	headword	180_2L.png	unverified	
1990s v3	D90-3-01944	دىڭمۇ	headword	182_1R.png	unverified	
1990s v3	D90-3-01945	دىڭۋا	headword	182_1R.png	unverified	
1990s v3	D90-3-02967	زازا	headword	286_1R.png	unverified	
1990s v3	D90-3-02969	زاسۈي	headword	286_1R.png	unverified	
1990s v3	D90-3-03005	زاكۇ	headword	289_1R.png	unverified	
1990s v3	D90-3-03014	زاڭ	headword	289_2L.png	unverified	
1990s v3	D90-3-03016	زاڭ يوشۇرۇش جىنايىتى	subentry	290_1R.png	unverified	D90-3-03015
1990s v3	D90-3-03086	زاۋېن	headword	296_2L.png	unverified	
1990s v3	D90-3-03319	زوتا	headword	322_2L.png	unverified	
1990s v3	D90-3-03393	زۇڭتۇڭ	headword	330_2L.png	unverified	
1990s v3	D90-3-03394	زۇڭلى	headword	330_2L.png	unverified	
1990s v3	D90-3-03561	زىسەي	headword	347_1R.png	unverified	
1990s v3	D90-3-03589	زىڭلى	headword	349_2L.png	unverified	
1990s v3	D90-3-03590	زىڭلى بولماق	subentry	349_2L.png	unverified	D90-3-03589
1990s v3	D90-3-03591	زىڭلى قىلماق	subentry	349_2L.png	unverified	D90-3-03589
1990s v3	D90-3-03923	ساسۇڭ	headword	385_2L.png	unverified	
1990s v3	D90-3-04029	ساڭ	headword	398_2L.png	unverified	
1990s v3	D90-3-04030	ساڭ بېگى	subentry	398_2L.png	unverified	D90-3-04029
1990s v3	D90-3-04872	سەنپەن	headword	494_2L.png	unverified	
1990s v3	D90-3-04877	سەنتارۇا	headword	495_1R.png	unverified	
1990s v3	D90-3-04895	سەنلۇر	headword	496_2L.png	unverified	
1990s v3	D90-3-04898	سەنمو	headword	497_1R.png	unverified	
1990s v3	D90-3-04981	سەي	headword	507_1R.png	unverified	
1990s v3	D90-3-04982	سەي بولماسلىق	subentry	507_1R.png	unverified	D90-3-04981
1990s v3	D90-3-04988	سەيپۇڭ	headword	508_1R.png	unverified	
1990s v3	D90-3-05002	سەيدۇ	headword	508_2L.png	unverified	
1990s v3	D90-3-05007	سەيسى	headword	509_1R.png	unverified	
1990s v3	D90-3-05007-v1	ئالۋان	variant	509_1R.png	unverified	
1990s v3	D90-3-05029	سەيۋەن	headword	511_2L.png	unverified	
1990s v3	D90-3-05799	سۇڭ	headword	588_2L.png	unverified	
1990s v3	D90-3-05803	سۇڭ جياڭ	headword	589_1R.png	unverified	
1990s v3	D90-3-05839	سۇلياۋ	headword	592_2L.png	unverified	
1990s v3	D90-3-06144	سۆھەن تەيزى	headword	625_1R.png	unverified	
1990s v3	D90-3-07009	سىلىڭ	headword	708_1R.png	unverified	
1990s v3	D90-3-07010	سىلىڭبۇ	headword	708_1R.png	unverified	
1990s v3	D90-3-07012	سىلىڭيۈەن	headword	708_1R.png	unverified	
1990s v3	D90-3-07425	شازا	headword	748_1R.png	unverified	
1990s v3	D90-3-07455	شاڭتو	headword	751_1R.png	unverified	
1990s v3	D90-3-07456	شاڭتو ئات	subentry	751_1R.png	unverified	D90-3-07455
1990s v3	D90-3-07457	شاڭجياڭ	headword	751_1R.png	unverified	
1990s v3	D90-3-07458	شاڭخادەن	headword	751_1R.png	unverified	
1990s v3	D90-3-07463	شاڭزۇڭ	headword	751_2L.png	unverified	
1990s v3	D90-3-07464	شاڭشى	headword	751_2L.png	unverified	
1990s v3	D90-3-07465	شاڭشياۋ	headword	751_2L.png	unverified	
1990s v3	D90-3-07466	شاڭۋېي	headword	751_2L.png	unverified	
1990s v3	D90-3-07467	شاڭيو	headword	751_2L.png	unverified	
1990s v3	D90-3-07639	شاۋجياڭ	headword	767_1R.png	unverified	
1990s v3	D90-3-07643	شاۋشياۋ	headword	767_1R.png	unverified	
1990s v3	D90-3-07654	شاۋۋېي	headword	768_1R.png	unverified	
1990s v3	D90-3-07831	شەڭگەن	headword	789_1R.png	unverified	
1990s v3	D90-3-07832	شەڭگەن يامۇل	subentry	789_1R.png	unverified	D90-3-07831
1990s v3	D90-3-07838	شەللەڭزە	headword	789_2L.png	unverified	
1990s v3	D90-3-07949	شوپاڭ	headword	802_1R.png	unverified	
1990s v3	D90-3-08040	شويى	headword	811_1R.png	unverified	
1990s v3	D90-3-08063	شۇ	headword	813_1R.png	unverified	
1990s v3	D90-3-08067	شۇجى	headword	813_2L.png	unverified	
1990s v3	D90-3-08077	شۇشەن	headword	814_1R.png	unverified	
1990s v3	D90-3-08078	شۇشەن تېشى	subentry	814_1R.png	unverified	D90-3-08077
1990s v3	D90-3-08115	شۈمپەن	headword	817_1R.png	unverified	
1990s v3	D90-3-08121	شۇنجى	headword	817_2L.png	unverified	
1990s v3	D90-3-08121-v1	شۇنجى يىللىرى	variant	817_2L.png	unverified	
1990s v3	D90-3-08122	شۇنجى يىللىرى	subentry	817_2L.png	unverified	D90-3-08121
1990s v3	D90-3-08155	شۆيۈەن	headword	822_1R.png	unverified	
1990s v3	D90-3-08187	شۈڭگەن	headword	825_1R.png	unverified	
1990s v3	D90-3-08250	شېڭسەي	headword	832_1R.png	unverified	
1990s v3	D90-3-08251	شېڭمۇ	headword	832_1R.png	unverified	
1990s v3	D90-3-08269	شىئەن	headword	834_1R.png	unverified	
1990s v3	D90-3-08274	شىبەن	headword	834_2L.png	unverified	
1990s v3	D90-3-08285	شىپاڭ	headword	836_1R.png	unverified	
1990s v3	D90-3-08315	شىتۇەن	headword	839_1R.png	unverified	
1990s v3	D90-3-08397	شىزا	headword	846_1R.png	unverified	
1990s v3	D90-3-08424	شىڭ	headword	849_2L.png	unverified	
1990s v3	D90-3-08433	شىڭلى	headword	850_1R.png	unverified	
1990s v3	D90-3-08531	شىنجاڭ	headword	857_1R.png	unverified	
1990s v3	D90-3-08532	شىنجاڭ ئىنچىكە يۇڭلۇق قويى	headword	857_2L.png	unverified	
1990s v3	D90-3-08550	شىي	headword	859_1R.png	unverified	
1990s v3	D90-3-08551	شياشى	headword	859_1R.png	unverified	
1990s v3	D90-3-08552	شياڭشېڭ	headword	859_2L.png	unverified	
1990s v3	D90-3-08553	شياۋدۈي	headword	859_2L.png	unverified	
1990s v3	D90-3-08560	شيۇجېڭجۇيى	headword	860_1R.png	unverified	
1990s v3	D90-3-09363	فاگاۋ	headword	927_1R.png	unverified	
1990s v3	D90-3-09365	فاڭجېن	headword	927_2L.png	unverified	
1990s v3	D90-3-09480	فۇگۈەن	headword	937_2L.png	unverified	
1990s v3	D90-3-09504	فېندۇي	headword	940_2L.png	unverified	
1990s v4	D90-4-04652	كاجى	headword	477_2L.png	unverified	
1990s v4	D90-4-04849	كاڭ	headword	493_2L.png	verified	
1990s v4	D90-4-04851	كاڭشاڭ	headword	494_1R.png	unverified	
1990s v4	D90-4-04859	كاڭمەنزە	headword	494_2L.png	unverified	
1990s v4	D90-4-04873	كالاڭچۇر	headword	495_1R.png	verified	
1990s v4	D90-4-05551	كەنجەر	headword	558_2L.png	unverified	
1990s v4	D90-4-05601	كەيگۇەن	headword	563_1R.png	unverified	
1990s v4	D90-4-05601-v1	ۋېكلىيۇچاتېل	variant	563_1R.png	unverified	
1990s v4	D90-4-06063	كويزا	headword	602_1R.png	unverified	
1990s v4	D90-4-06121	كۇسار	headword	605_2L.png	unverified	
1990s v4	D90-4-06171	كۇلى	headword	608_2L.png	unverified	
1990s v4	D90-4-06172	كۇلى ئارچىسى	subentry	608_2L.png	unverified	D90-4-06171
1990s v4	D90-4-06942	كۆڭتەي	headword	670_1R.png	verified	
1990s v4	D90-4-08258	گادازا	headword	781_2L.png	unverified	
1990s v4	D90-4-08330	گازىر	headword	787_1R.png	unverified	
1990s v4	D90-4-08348	گاگار	headword	788_2L.png	unverified	
1990s v4	D90-4-08349	گاڭ	headword	788_2L.png	unverified	
1990s v4	D90-4-08350	گاڭ سەندەل	subentry	788_2L.png	unverified	D90-4-08349
1990s v4	D90-4-08351	گاڭ قەلەم ← گاڭبى	subentry	788_2L.png	unverified	D90-4-08349
1990s v4	D90-4-08352	گاڭ ئىرادە	subentry	788_2L.png	unverified	D90-4-08349
1990s v4	D90-4-08354	گاڭبەن	headword	789_1R.png	unverified	
1990s v4	D90-4-08355	گاڭبى	headword	789_1R.png	unverified	
1990s v4	D90-4-08356	گاڭپەن	headword	789_1R.png	unverified	
1990s v4	D90-4-08357	گاڭزا	headword	789_1R.png	unverified	
1990s v4	D90-4-08362	گاڭگۇڭ	headword	789_2L.png	unverified	
1990s v4	D90-4-08421	گامەن	headword	794_1R.png	unverified	
1990s v4	D90-4-08445	گاۋلىڭ	headword	796_1R.png	unverified	
1990s v4	D90-4-08688	گەنجىڭ	headword	816_2L.png	unverified	
1990s v4	D90-4-08690	گەنسۈي	headword	816_2L.png	unverified	
1990s v4	D90-4-08702	گەيجاڭ	headword	818_1R.png	unverified	
1990s v4	D90-4-08778	گوبى	headword	825_2L.png	unverified	
1990s v4	D90-4-08780	گوپەي	headword	825_2L.png	unverified	
1990s v4	D90-4-08781	گوجەي	headword	826_1R.png	unverified	
1990s v4	D90-4-08794	گوشۇڭ	headword	826_2L.png	unverified	
1990s v4	D90-4-08796	گوكەي	headword	827_1R.png	unverified	
1990s v4	D90-4-08826	گوۋۇچىڭ	headword	830_1R.png	unverified	
1990s v4	D90-4-08827	گوۋۇيۈەن	headword	830_2L.png	unverified	
1990s v4	D90-4-08884	گۇڭ	headword	835_1R.png	unverified	
1990s v4	D90-4-08886	گۇڭ سالماق	subentry	835_1R.png	unverified	D90-4-08885
1990s v4	D90-4-08889	گۇڭپۇڭ	headword	835_2L.png	unverified	
1990s v4	D90-4-08890	گۇڭتۇر	headword	835_2L.png	unverified	
1990s v4	D90-4-08892	گۇڭشى	headword	836_1R.png	unverified	
1990s v4	D90-4-08892-v1	گۇڭشې	variant	836_1R.png	unverified	
1990s v4	D90-4-08937	گۇمپا	headword	839_1R.png	unverified	
1990s v4	D90-4-08976	گۇي	headword	844_1R.png	unverified	
1990s v4	D90-4-08976-v1	يۇمشاقباش	variant	844_1R.png	unverified	
1990s v4	D90-4-08977	گۇيتۇزا	headword	844_1R.png	unverified	
1990s v4	D90-4-09326	داجياڭ	headword	872_1R.png	unverified	
1990s v4	D90-4-09652	لازا	headword	899_1R.png	unverified	
1990s v4	D90-4-09653	لازا يېغى	subentry	899_1R.png	unverified	D90-4-09652
1990s v4	D90-4-09655	لازا نۇسخا	subentry	899_1R.png	unverified	D90-4-09654
1990s v4	D90-4-09658	لازىجاڭ	headword	899_2L.png	unverified	
1990s v4	D90-4-09698	لاڭشەن	headword	902_1R.png	unverified	
1990s v4	D90-4-09699	لاڭشەن توخۇسى	subentry	902_1R.png	unverified	D90-4-09698
1990s v4	D90-4-09702	لاڭگازا	headword	902_2L.png	unverified	
1990s v4	D90-4-09892	لەڭ	headword	917_1R.png	unverified	
1990s v4	D90-4-09894	لەڭپۇڭ	headword	917_2L.png	unverified	
1990s v4	D90-4-09897	لەڭزە	headword	917_2L.png	unverified	
1990s v4	D90-4-09979	لوبا	headword	924_1R.png	unverified	
1990s v4	D90-4-09999	لوزۇڭ	headword	925_1R.png	unverified	
1990s v4	D90-4-10043	لوڭيەن	headword	928_2L.png	unverified	
1990s v4	D90-4-10048	لومودى	headword	929_1R.png	unverified	
1990s v4	D90-4-10053	لويى	headword	929_2L.png	unverified	
1990s v4	D90-4-10057	لۇشيەن	headword	930_1R.png	unverified	
1990s v4	D90-4-10083	لۈي	headword	931_2L.png	unverified	
1990s v4	D90-4-10084	لۈيچى	headword	931_2L.png	unverified	
1990s v4	D90-4-10085	لۈيلياڭ	headword	932_1R.png	unverified	
1990s v4	D90-4-10126	لېپيىڭ	headword	935_1R.png	unverified	
1990s v4	D90-4-10156	لىجى	headword	937_2L.png	unverified	
1990s v4	D90-4-10173	لىزۇ	headword	939_1R.png	unverified	
1990s v4	D90-4-10174	لىزۇ تىلى	subentry	939_1R.png	unverified	D90-4-10173
1990s v4	D90-4-10175	لىزۇچە	subentry	939_1R.png	unverified	D90-4-10173
1990s v4	D90-4-10177	لىسۇ	headword	939_1R.png	unverified	
1990s v4	D90-4-10178	لىسۇ تىلى	subentry	939_1R.png	unverified	D90-4-10177
1990s v4	D90-4-10192	لىم	headword	942_2L.png	unverified	
1990s v4	D90-4-10193	لىم بەلباغ	subentry	942_2L.png	unverified	D90-4-10192
1990s v4	D90-4-10194	لىم تەكىيىسى	subentry	942_2L.png	unverified	D90-4-10192
1990s v4	D90-4-10227	لىياڭفۇڭ	headword	945_2L.png	unverified	
1990s v4	D90-4-10229	ليەن	headword	945_2L.png	unverified	
1990s v4	D90-4-10230	ليەنجاڭ	headword	945_2L.png	unverified	
1990s v5	D90-5-00035	ماتاڭ	headword	004_2L.png	unverified	
1990s v5	D90-5-00035-v1	تاڭگازا	variant	004_2L.png	unverified	
1990s v5	D90-5-00098	ماجاڭ	headword	010_2L.png	unverified	
1990s v5	D90-5-00118	ماخار	headword	012_1R.png	unverified	
1990s v5	D90-5-00120	ماخاۋ	headword	012_1R.png	unverified	
1990s v5	D90-5-00136	ماخو	headword	013_2L.png	unverified	
1990s v5	D90-5-00136-v1	ئېغىل	variant	013_2L.png	unverified	
1990s v5	D90-5-00390	ماگازا	headword	038_2L.png	verified	
1990s v5	D90-5-01317	مەڭگەن	headword	137_1R.png	unverified	
1990s v5	D90-5-01436	مەنتاڭ	headword	149_2L.png	unverified	
1990s v5	D90-5-01447	مەنجاڭ	headword	150_2L.png	unverified	
1990s v5	D90-5-01451	مەنچىزە	headword	151_1R.png	unverified	
1990s v5	D90-5-01451-v1	قۇشقاچتىلى ئاش	variant	151_1R.png	unverified	
1990s v5	D90-5-01643	مەيۋەن	headword	172_1R.png	unverified	
1990s v5	D90-5-01650	موبى	headword	172_2L.png	unverified	
1990s v5	D90-5-01659	موخازا	headword	173_2L.png	unverified	
1990s v5	D90-5-01731	موگۇ	headword	179_1R.png	unverified	
1990s v5	D90-5-01818	موما	headword	187_2L.png	unverified	
1990s v5	D90-5-01818-v1	جىڭموما	variant	187_2L.png	unverified	
1990s v5	D90-5-03000	مېيخۇا	headword	290_1R.png	unverified	
1990s v5	D90-5-03000-v1	چىللىگۈل	variant	290_1R.png	unverified	
1990s v5	D90-5-03329	مىلەڭزە	headword	312_1R.png	unverified	
1990s v5	D90-5-04207	نەنمۇ	headword	381_2L.png	unverified	
1990s v5	D90-5-07082	ئوسۇڭ	headword	650_2L.png	unverified	
1990s v6	D90-6-00056	ۋادو	headword	004_2L.png	unverified	
1990s v6	D90-6-00278	ۋاڭ	headword	019_1R.png	unverified	
1990s v6	D90-6-00478	ۋەنزە	headword	034_2L.png	unverified	
1990s v6	D90-6-05359	ياڭتاۋ	headword	474_1R.png	unverified	
1990s v6	D90-6-05360	ياڭجىنباڭ	headword	474_1R.png	unverified	
1990s v6	D90-6-05360-v1	ياڭجىنباڭ ئىنگلىز تىلى	variant	474_1R.png	unverified	
1990s v6	D90-6-05361	ياڭجىنباڭ ئىنگلىز تىلى	subentry	474_1R.png	unverified	D90-6-05360
1990s v6	D90-6-05371	ياڭزا	headword	475_1R.png	unverified	
1990s v6	D90-6-05374	ياڭزىجاڭ	headword	475_2L.png	unverified	
1990s v6	D90-6-05375	ياڭزىجاڭ تىمساھى	subentry	475_2L.png	unverified	D90-6-05374
1990s v6	D90-6-05378	ياڭگېر	headword	476_1R.png	unverified	
1990s v6	D90-6-05380	ياڭلې	headword	476_1R.png	unverified	
1990s v6	D90-6-05380-v1	ياڭلې پۇلى	variant	476_1R.png	unverified	
1990s v6	D90-6-05381	ياڭلې پۇلى	subentry	476_1R.png	unverified	D90-6-05380
1990s v6	D90-6-05382	ياڭ ۋېي	headword	476_1R.png	unverified	
1990s v6	D90-6-05383	ياڭ ۋېي ۋەقەسى	subentry	476_1R.png	unverified	D90-6-05382
1990s v6	D90-6-05384	ياڭيۇ	headword	476_2L.png	unverified	
1990s v6	D90-6-05543	يالۇ	headword	490_2L.png	unverified	
1990s v6	D90-6-05661	يامبۇ	headword	502_2L.png	unverified	
1990s v6	D90-6-05799	يانپەن	headword	512_2L.png	unverified	
1990s v6	D90-6-07164	يۇمىنسۇ	headword	636_1R.png	unverified	
1990s v6	D90-6-07297	يۈەنشۈەي	headword	646_2L.png	unverified	
1990s v6	D90-6-07301	يۈەنمۇ	headword	647_1R.png	unverified	
1990s v6	D90-6-07302	يۈەنمۇ ئادىمى	subentry	647_1R.png	unverified	D90-6-07301
1990s v6	D90-6-07692	يۈلىي	headword	680_2L.png	unverified	
1990s v6	D90-6-07693	يۈلىي پاراخوتى	subentry	680_2L.png	unverified	D90-6-07692
1990s v6	D90-6-07696	يۈنمۇ	headword	681_1R.png	unverified	
1990s v6	D90-6-07697	يۈنمۇ ئاخىرى	subentry	681_1R.png	unverified	D90-6-07696
1990s v6	D90-6-07698	يۈنمۇ بېشى	subentry	681_1R.png	unverified	D90-6-07696
1990s v6	D90-6-07699	يۈنمۇ مەركىزى	subentry	681_1R.png	unverified	D90-6-07696
1990s v6	D90-6-07975	يېزىخو	headword	706_2L.png	unverified	
1990s v6	D90-6-08617	يىڭ	headword	771_1R.png	unverified	
1990s v6	D90-6-08618	يىڭپپاۋ	headword	771_1R.png	unverified	
1990s v6	D90-6-08620	يىڭجاڭ	headword	771_1R.png	unverified	
2011 v1	D01-02899	ئەنزە	headword	098_1R.png	unverified	
2011 v1	D01-03114	باجىڭگىر	headword	105_2L.png	verified	
2011 v1	D01-03117	باجياۋ	headword	105_2L.png	unverified	
2011 v1	D01-03270	بازىمەن	headword	110_2L.png	unverified	
2011 v1	D01-03428	باشى	headword	116_2L.png	unverified	
2011 v1	D01-03533	باگۇ	headword	120_1R.png	unverified	
2011 v1	D01-03535	باڭ	headword	120_1R.png	unverified	
2011 v1	D01-03900	بەسەي	headword	132_2L.png	unverified	
2011 v1	D01-03900-v1	يېسىۋېلەڭ	variant	132_2L.png	unverified	
2011 v1	D01-04002	بەن	headword	135_2L.png	unverified	
2011 v1	D01-04002-i1	بەنى	inflected	135_2L.png	unverified	
2011 v1	D01-04011	بەندىڭ	headword	136_1R.png	unverified	
2011 v1	D01-04013	بەنزە	headword	136_1R.png	unverified	
2011 v1	D01-04055	بوتۇڭ	headword	137_1R.png	unverified	
2011 v1	D01-04067	بوجاڭ	headword	137_2L.png	unverified	
2011 v1	D01-04119	بورۇن	headword	138_2L.png	unverified	
2011 v1	D01-04161	بوسو	headword	140_1R.png	unverified	
2011 v1	D01-04265	بولا	headword	143_1R.png	unverified	
2011 v1	D01-04277	بولاڭخۇي	headword	143_2L.png	unverified	
2011 v1	D01-04459	بۇدۇڭتەي	headword	149_1R.png	unverified	
2011 v1	D01-05332	بىڭسى	headword	174_1R.png	unverified	
2011 v1	D01-05905	پاڭ	headword	192_1R.png	unverified	
2011 v1	D01-05913	پاڭچۇ	headword	192_1R.png	verified	
2011 v1	D01-06408	پەنجاك	headword	208_1R.png	unverified	
2011 v1	D01-06444	پەيجاڭ	headword	209_2L.png	unverified	
2011 v1	D01-06446	پەيجۇ	headword	209_2L.png	unverified	
2011 v1	D01-06447	پەيچۇسو	headword	209_2L.png	unverified	
2011 v1	D01-06447-v1	، ساقچىخانا	variant	209_2L.png	unverified	
2011 v1	D01-06467	پو	headword	210_2L.png	unverified	
2011 v1	D01-06738	پۇجۇڭ	headword	218_1R.png	unverified	
2011 v1	D01-06873	پۇڭمەنزە	headword	222_2L.png	unverified	
2011 v1	D01-07182	پىخەي	headword	231_1R.png	unverified	
2011 v1	D01-07395	پىڭ	headword	239_1R.png	unverified	
2011 v1	D01-07481	پىنتاڭ	headword	241_2L.png	unverified	
2011 v1	D01-07578	تاتازا	headword	245_1R.png	unverified	
2011 v1	D01-08037	تاكېسەي	headword	258_2L.png	unverified	
2011 v1	D01-08058	تاڭجاڭ	headword	259_1R.png	unverified	
2011 v1	D01-08060	تاڭزۇڭزا	headword	259_1R.png	unverified	
2011 v1	D01-08063	تاڭشىر	headword	259_1R.png	unverified	
2011 v1	D01-08065	تاڭگا	headword	259_1R.png	unverified	
2011 v1	D01-08066	تاڭگازا	headword	259_1R.png	unverified	
2011 v1	D01-08435	تەتەي	headword	269_1R.png	unverified	
2011 v1	D01-09089	تەنزە	headword	287_2L.png	unverified	
2011 v1	D01-09177	تەيجى	headword	290_2L.png	unverified	
2011 v1	D01-09178	تەيجىچۈەن	headword	290_2L.png	unverified	
2011 v1	D01-09180	تەيفېڭ	headword	290_2L.png	unverified	
2011 v1	D01-09398	توشۇڭ	headword	298_1R.png	unverified	
2011 v1	D01-09518	توكاڭ	headword	303_1R.png	unverified	
2011 v1	D01-09697	تۇەن	headword	310_2L.png	unverified	
2011 v1	D01-09698	تۇەنجاڭ	headword	310_2L.png	unverified	
2011 v1	D01-09781	تۇخاۋ	headword	314_2L.png	unverified	
2011 v1	D01-09947	تۇڭ	headword	320_2L.png	unverified	
2011 v1	D01-09950	تۇڭخاۋ	headword	320_2L.png	unverified	
2011 v1	D01-09951	تۇڭگو	headword	320_2L.png	unverified	
2011 v1	D01-11230	تىيزا	headword	364_2L.png	unverified	
2011 v1	D01-11239	جا	headword	365_1R.png	unverified	
2011 v1	D01-11265	جاجازا	headword	365_2L.png	unverified	
2011 v1	D01-11266	جادا	headword	365_2L.png	unverified	
2011 v1	D01-11325	جازا	headword	367_1R.png	unverified	
2011 v1	D01-11325-i1	جازاسى	inflected	367_1R.png	unverified	
2011 v1	D01-11353	جاسەي	headword	368_1R.png	unverified	
2011 v1	D01-11395	جاگەن	headword	369_1R.png	unverified	
2011 v1	D01-11396	جاڭ	headword	369_1R.png	unverified	
2011 v1	D01-11408	جاڭدۇ	headword	369_2L.png	unverified	
2011 v1	D01-11411	جاڭزا	headword	369_2L.png	unverified	
2011 v1	D01-11425	جاڭيۇ	headword	369_2L.png	unverified	
2011 v1	D01-11482	جامبۇ	headword	371_1R.png	unverified	
2011 v1	D01-11580	جاۋەن	headword	374_2L.png	unverified	
2011 v1	D01-11717	جەنيى	headword	378_2L.png	unverified	
2011 v1	D01-11736	جوتاڭ	headword	379_1R.png	unverified	
2011 v1	D01-11737	جوتۇ	headword	379_1R.png	unverified	
2011 v1	D01-11759	جوزا	headword	379_2L.png	unverified	
2011 v1	D01-11774	جوگازا	headword	380_1R.png	unverified	
2011 v1	D01-11803	جۇ	headword	380_2L.png	unverified	
2011 v1	D01-11858	جۇڭ	headword	382_2L.png	unverified	
2011 v1	D01-11860	جۇڭجياڭ	headword	382_2L.png	unverified	
2011 v1	D01-11862	جۇڭخۇا	headword	382_2L.png	unverified	
2011 v1	D01-11863	جۇڭخۇا خەلق جۇمھۇرىيىتى	headword	382_2L.png	unverified	
2011 v1	D01-11866	جۇڭسەنفۇ	headword	382_2L.png	unverified	
2011 v1	D01-11867	جۇڭشى	headword	383_1R.png	unverified	
2011 v1	D01-11868	جۇڭشياۋ	headword	383_1R.png	unverified	
2011 v1	D01-11869	جۇڭگو	headword	383_1R.png	unverified	
2011 v1	D01-11878	جۇڭۋېي	headword	383_1R.png	unverified	
2011 v1	D01-11879	جۇڭيى	headword	383_1R.png	unverified	
2011 v1	D01-11922	جۇۋاۋا	headword	384_2L.png	unverified	
2011 v1	D01-11930	جۇيازا	headword	384_2L.png	verified	
2011 v1	D01-11987	جۈسەي	headword	386_1R.png	unverified	
2011 v1	D01-11987-v1	كۈدە	variant	386_1R.png	unverified	
2011 v1	D01-12002	جۈن	headword	386_2L.png	unverified	
2011 v1	D01-12004	جۈنتۇەن	headword	386_2L.png	unverified	
2011 v1	D01-12005	جۈنجاڭ	headword	386_2L.png	unverified	
2011 v1	D01-12007	جۈنۋېي	headword	386_2L.png	unverified	
2011 v1	D01-12034	جېندى	headword	387_2L.png	unverified	
2011 v1	D01-12046	جىتۇەنجۈن	headword	387_2L.png	unverified	
2011 v1	D01-12088	جىزا	headword	388_2L.png	unverified	
2011 v1	D01-12095	جىسا	headword	389_1R.png	unverified	
2011 v1	D01-12137	جىڭ	headword	390_1R.png	unverified	
2011 v1	D01-12142	جىڭجۈي	headword	390_1R.png	unverified	
2011 v1	D01-12159	جىڭموما	headword	390_2L.png	unverified	
2011 v1	D01-12192	جىمبۇ	headword	391_2L.png	unverified	
2011 v1	D01-12265	جياڭچۈن	headword	393_2L.png	unverified	
2011 v1	D01-12266	جياڭگۇەن	headword	393_2L.png	unverified	
2011 v1	D01-12267	جياڭلىڭ	headword	393_2L.png	unverified	
2011 v1	D01-12268	جياۋبۇ	headword	393_2L.png	unverified	
2011 v1	D01-12378	چاجاڭ	headword	397_1R.png	unverified	
2011 v1	D01-12500	چازا	headword	400_2L.png	unverified	
2011 v1	D01-12650	چاڭپوزا	headword	404_2L.png	unverified	
2011 v1	D01-12658	چاڭچىلىھە	headword	405_1R.png	unverified	
2011 v1	D01-12778	چاۋشيەنزۇ	headword	407_2L.png	unverified	
2011 v1	D01-12950	چەن	headword	412_1R.png	unverified	
2011 v1	D01-12953	چەندازا	headword	412_1R.png	unverified	
2011 v1	D01-12966	چەي	headword	412_2L.png	unverified	
2011 v1	D01-12967	چەيدو	headword	412_2L.png	unverified	
2011 v1	D01-12968	چەيزە	headword	412_2L.png	unverified	
2011 v1	D01-13166	چۇخەي	headword	417_2L.png	unverified	
2011 v1	D01-13486	چۈندەيسەي	headword	427_2L.png	unverified	
2011 v1	D01-13671	چى	headword	433_2L.png	unverified	
2011 v1	D01-13805	چىزا	headword	437_2L.png	unverified	
2011 v1	D01-13938	چىڭسەي	headword	442_2L.png	unverified	
2011 v1	D01-14006	چىلىنسەي	headword	445_1R.png	unverified	
2011 v1	D01-14226	خاسك	headword	453_1R.png	unverified	
2011 v1	D01-14234	خاك	headword	453_2L.png	unverified	
2011 v1	D01-14246	خاڭگا	headword	453_2L.png	unverified	
2011 v1	D01-14362	خاۋازا	headword	458_2L.png	unverified	
2011 v1	D01-14526	خەيدەي	headword	464_1R.png	unverified	
2011 v1	D01-14538	خەيلى	headword	464_2L.png	unverified	
2011 v1	D01-14540	خو	headword	464_2L.png	unverified	
2011 v1	D01-14584	خوخەنزە	headword	465_2L.png	unverified	
2011 v1	D01-14637	خوشاڭ	headword	467_2L.png	unverified	
2011 v1	D01-14645	خوشو	headword	467_2L.png	unverified	
2011 v1	D01-14678	خوجاجەر	headword	468_2L.png	unverified	
2011 v1	D01-14807	خۇلاڭزا	headword	472_2L.png	unverified	
2011 v1	D01-14857	خۇي	headword	474_2L.png	unverified	
2011 v1	D01-14863	خۇيزۇ	headword	474_2L.png	unverified	
2011 v1	D01-15033	خىي	headword	480_1R.png	unverified	
2011 v1	D01-15064	داپەنجى	headword	482_1R.png	unverified	
2011 v1	D01-15083	داتاڭ	headword	482_2L.png	unverified	
2011 v1	D01-15090	داجياڭ	headword	483_1R.png	unverified	
2011 v1	D01-15106	دادەن	headword	483_2L.png	unverified	
2011 v1	D01-15118	دادۇر	headword	484_1R.png	unverified	
2011 v1	D01-15120	دادۈي	headword	484_1R.png	unverified	
2011 v1	D01-15121	دادۈيجاڭ	headword	484_1R.png	unverified	
2011 v1	D01-15174	دارىن	headword	485_2L.png	unverified	
2011 v1	D01-15200	داشۆ	headword	486_2L.png	unverified	
2011 v1	D01-15200-v1	ئۇنىۋېرسىتېت	variant	486_2L.png	unverified	
2011 v1	D01-15201	داشياۋ	headword	486_2L.png	unverified	
2011 v1	D01-15255	داڭگۇي	headword	488_2L.png	unverified	
2011 v1	D01-15367	داۋبەن	headword	492_1R.png	unverified	
2011 v1	D01-15375	داۋلى	headword	492_2L.png	unverified	
2011 v1	D01-15381	داۋېي	headword	492_2L.png	unverified	
2011 v1	D01-15399	دايۋەنشۆي	headword	493_1R.png	unverified	
2011 v1	D01-15400	دايى	headword	493_2L.png	unverified	
2011 v1	D01-15605	دەكزا قىلماق	headword	501_1R.png	verified	
2011 v1	D01-15611	دەك	headword	501_1R.png	unverified	
2011 v1	D01-15612	دەڭجا	headword	501_2L.png	unverified	
2011 v1	D01-15689	دەن	headword	503_2L.png	unverified	
2011 v1	D01-15753	دوتەي	headword	506_1R.png	unverified	
2011 v1	D01-15760	دودەن	headword	506_2L.png	unverified	
2011 v1	D01-15931	دومىلە	headword	512_1R.png	unverified	
2011 v1	D01-15950	دۇبەن	headword	513_1R.png	unverified	
2011 v1	D01-15975	دۇدۇ	headword	513_2L.png	unverified	
2011 v1	D01-16007	دۇفۇ	headword	514_2L.png	unverified	
2011 v1	D01-16014	دۇڭ	headword	515_1R.png	unverified	
2011 v1	D01-16126	دۈدۈيزە	headword	518_2L.png	unverified	
2011 v1	D01-16199	دۈي	headword	521_1R.png	unverified	
2011 v1	D01-16200	دۈيجاڭ	headword	521_1R.png	unverified	
2011 v1	D01-16202	دۈيزە	headword	521_1R.png	unverified	
2011 v1	D01-16321	دىبەن	headword	525_1R.png	unverified	
2011 v1	D01-16321-v1	نېگاتىپ	variant	525_1R.png	unverified	
2011 v1	D01-16322	دىبەيچۇڭ	headword	525_1R.png	unverified	
2011 v1	D01-16324	دىپەي	headword	525_1R.png	unverified	
2011 v1	D01-16343	دىچۆلياڭ	headword	526_1R.png	unverified	
2011 v1	D01-16414	دىكا	headword	528_2L.png	unverified	
2011 v1	D01-16432	دىڭخۇلۇ	headword	528_2L.png	unverified	
2011 v1	D01-16457	دىڭمۇ	headword	529_2L.png	unverified	
2011 v1	D01-16488	دىلۇن	headword	531_1R.png	unverified	
2011 v1	D01-17227	زاسۈي	headword	558_1R.png	unverified	
2011 v1	D01-17258	زاكۇ	headword	559_1R.png	unverified	
2011 v1	D01-17267	زاڭ	headword	559_1R.png	unverified	
2011 v1	D01-17317	زاپىن	headword	560_2L.png	unverified	
2011 v1	D01-17517	زۇڭتۇڭ	headword	568_2L.png	unverified	
2011 v1	D01-17518	زۇڭتۇڭلۇق	headword	568_2L.png	verified	
2011 v1	D01-17519	زۇڭلى	headword	568_2L.png	unverified	
2011 v1	D01-17520	زۇڭلىلىق	headword	568_2L.png	unverified	
2011 v1	D01-17633	زىسەي	headword	572_2L.png	unverified	
2011 v1	D01-17654	زىڭلى	headword	573_1R.png	unverified	
2011 v1	D01-17906	ساسۇڭ	headword	582_2L.png	unverified	
2011 v1	D01-17978	ساڭ	headword	585_2L.png	unverified	
2011 v1	D01-18591	سەنپەن	headword	606_2L.png	unverified	
2011 v1	D01-18595	سەنتاڭرۇ	headword	606_2L.png	unverified	
2011 v1	D01-18612	سەنمۇ	headword	607_1R.png	unverified	
2011 v1	D01-18669	سەي	headword	609_1R.png	unverified	
2011 v1	D01-18672	سەيپۇڭ	headword	609_1R.png	unverified	
2011 v1	D01-18672-v1	ماشىنىچى	variant	609_1R.png	unverified	
2011 v1	D01-18679	سەيدۇ	headword	609_2L.png	unverified	
2011 v1	D01-18681	سەيسى	headword	609_2L.png	unverified	
2011 v1	D01-18702	سەيۋەن	headword	610_1R.png	unverified	
2011 v1	D01-18885	سوگۇزا	headword	616_1R.png	unverified	
2011 v1	D01-18932	سولياۋ	headword	618_1R.png	unverified	
2011 v1	D01-18934	سومەن	headword	618_1R.png	unverified	
2011 v1	D01-19085	سۇڭ	headword	623_1R.png	unverified	
2011 v1	D01-19308	سۆەنتەيزى	headword	630_2L.png	unverified	
2011 v1	D01-19903	سىلىڭ	headword	651_2L.png	unverified	
2011 v1	D01-19904	سىلىڭبۇ	headword	651_2L.png	unverified	
2011 v1	D01-19906	سىلىڭيۈەن	headword	651_2L.png	unverified	
2011 v1	D01-20191	شازا	headword	662_1R.png	unverified	
2011 v1	D01-20223	شاڭتو	headword	663_2L.png	unverified	
2011 v1	D01-20224	شاڭجياڭ	headword	663_2L.png	unverified	
2011 v1	D01-20225	شاڭخادەن	headword	663_2L.png	unverified	
2011 v1	D01-20229	شاڭزۇڭ	headword	663_2L.png	unverified	
2011 v1	D01-20230	شاڭشى	headword	663_2L.png	unverified	
2011 v1	D01-20231	شاڭشياۋ	headword	663_2L.png	unverified	
2011 v1	D01-20232	شاڭۋېي	headword	663_2L.png	unverified	
2011 v1	D01-20233	شاڭيو	headword	663_2L.png	unverified	
2011 v1	D01-20363	شاۋجياڭ	headword	668_2L.png	unverified	
2011 v1	D01-20366	شاۋشياۋ	headword	668_2L.png	unverified	
2011 v1	D01-20375	شاۋۋېي	headword	669_1R.png	unverified	
2011 v1	D01-20489	شەڭگەن	headword	673_2L.png	unverified	
2011 v1	D01-20494	شەللەڭزە	headword	673_2L.png	unverified	
2011 v1	D01-20499	شەمبىزە	headword	673_2L.png	unverified	
2011 v1	D01-20560	شوپاك	headword	676_1R.png	unverified	
2011 v1	D01-20641	شوينى	headword	679_1R.png	unverified	
2011 v1	D01-20645	شۇجى	headword	679_2L.png	unverified	
2011 v1	D01-20677	شۇمپەن	headword	680_2L.png	unverified	
2011 v1	D01-20712	شۆيۈەن	headword	682_1R.png	unverified	
2011 v1	D01-20712-v1	ئىنستىتۇت	variant	682_1R.png	unverified	
2011 v1	D01-20742	شۈڭگەن	headword	683_1R.png	unverified	
2011 v1	D01-20770	شېڭسەي	headword	684_2L.png	unverified	
2011 v1	D01-20771	شېگمۇ	headword	684_2L.png	unverified	
2011 v1	D01-20780	شى	headword	685_1R.png	unverified	
2011 v1	D01-20783	شىبەن	headword	685_2L.png	unverified	
2011 v1	D01-20793	شىپاڭ	headword	685_2L.png	unverified	
2011 v1	D01-20819	شتۇەن	headword	686_2L.png	unverified	
2011 v1	D01-20875	شىزا	headword	689_1R.png	unverified	
2011 v1	D01-20900	شىڭ	headword	690_1R.png	unverified	
2011 v1	D01-20908	شىڭلى	headword	690_1R.png	unverified	
2011 v1	D01-20971	شىنتوئىزم	headword	692_1R.png	unverified	
2011 v1	D01-20984	شىي	headword	692_2L.png	unverified	
2011 v1	D01-20985	شياشى	headword	692_2L.png	unverified	
2011 v1	D01-20986	شياڭشېڭ	headword	692_2L.png	unverified	
2011 v1	D01-20987	شياۋدۈي	headword	692_2L.png	unverified	
2011 v1	D01-20994	شيۇجېڭجۇيى	headword	692_2L.png	unverified	
2011 v2	D02-00004	فابى	headword	713_1R.png	verified	
2011 v2	D02-00023	فاگاۋ	headword	714_1R.png	verified	
2011 v2	D02-00025	فاڭجېن	headword	714_1R.png	verified	
2011 v2	D02-00095	فۇداۋ	headword	716_2L.png	verified	
2011 v2	D02-00095-i1	فۇداۋى	inflected	716_2L.png	verified	
2011 v2	D02-00096	فۇداۋيۈەن	headword	716_2L.png	verified	
2011 v2	D02-00101	فۇگۇەن	headword	717_1R.png	verified	
2011 v2	D02-00127	قېندۈي	headword	718_1R.png	verified	
2011 v2	D02-02967	كاجى	headword	820_2L.png	unverified	
2011 v2	D02-03137	كاك	headword	826_1R.png	unverified	
2011 v2	D02-03138	كاڭ	headword	826_2L.png	unverified	
2011 v2	D02-03147	كاڭمەنزە	headword	826_2L.png	unverified	
2011 v2	D02-03154	كالاڭچۇر	headword	826_2L.png	unverified	
2011 v2	D02-03768	كوڭتەي	headword	850_1R.png	unverified	
2011 v2	D02-03935	كويزا	headword	856_1R.png	unverified	
2011 v2	D02-03981	كۇسار	headword	857_2L.png	unverified	
2011 v2	D02-04022	كۈلى	headword	858_2L.png	unverified	
2011 v2	D02-04429	كۆڭتەي	headword	872_1R.png	unverified	
2011 v2	D02-05282	گادا	headword	900_1R.png	unverified	
2011 v2	D02-05337	گازىر	headword	902_1R.png	unverified	
2011 v2	D02-05355	گاگار	headword	902_2L.png	unverified	
2011 v2	D02-05357	گاڭ	headword	902_2L.png	unverified	
2011 v2	D02-05357-v1	پولات	variant	902_2L.png	unverified	
2011 v2	D02-05359	گاڭبەن	headword	902_2L.png	unverified	
2011 v2	D02-05360	گاڭبى	headword	902_2L.png	unverified	
2011 v2	D02-05361	گاڭپەن	headword	902_2L.png	unverified	
2011 v2	D02-05362	گاڭزا	headword	902_2L.png	unverified	
2011 v2	D02-05365	گاڭگۇڭ	headword	902_2L.png	unverified	
2011 v2	D02-05484	گەنجى	headword	906_2L.png	unverified	
2011 v2	D02-05496	گەۋجاك	headword	907_1R.png	unverified	
2011 v2	D02-05497	گوبى	headword	907_1R.png	verified	
2011 v2	D02-05499	گوپەي	headword	907_1R.png	unverified	
2011 v2	D02-05500	گوجەي	headword	907_1R.png	unverified	
2011 v2	D02-05507	گوشۇڭ	headword	907_2L.png	unverified	
2011 v2	D02-05509	گوكەي	headword	907_2L.png	unverified	
2011 v2	D02-05530	گوۋۇيۈەن	headword	908_1R.png	unverified	
2011 v2	D02-05577	گۇڭ	headword	909_2L.png	unverified	
2011 v2	D02-05582	گۇڭپۇڭ	headword	910_1R.png	unverified	
2011 v2	D02-05583	گۇڭتۇر	headword	910_1R.png	unverified	
2011 v2	D02-05587	گۇڭشې	headword	910_1R.png	unverified	
2011 v2	D02-05634	گۇمپا	headword	911_1R.png	unverified	
2011 v2	D02-05659	گۇي	headword	912_1R.png	unverified	
2011 v2	D02-05660	گۇيتوزا	headword	912_1R.png	unverified	
2011 v2	D02-05764	گۈڭگۈرمەن	headword	915_1R.png	unverified	
2011 v2	D02-06211	لازا	headword	931_1R.png	unverified	
2011 v2	D02-06213	لازجال	headword	931_2L.png	unverified	
2011 v2	D02-06256	لاڭگازا	headword	932_2L.png	unverified	
2011 v2	D02-06421	لەڭ	headword	937_1R.png	unverified	
2011 v2	D02-06422	لەڭپۇڭ	headword	937_2L.png	unverified	
2011 v2	D02-06425	لەڭزە	headword	937_2L.png	unverified	
2011 v2	D02-06490	لوبا	headword	939_2L.png	unverified	
2011 v2	D02-06505	لوژۇك	headword	940_1R.png	unverified	
2011 v2	D02-06543	لۇڭيەن	headword	941_1R.png	unverified	
2011 v2	D02-06554	لومودى	headword	941_1R.png	unverified	
2011 v2	D02-06556	لويى	headword	941_2L.png	unverified	
2011 v2	D02-06558	لۇشيەن	headword	941_2L.png	unverified	
2011 v2	D02-06584	لۈي	headword	942_1R.png	unverified	
2011 v2	D02-06585	لۈيجاڭ	headword	942_1R.png	unverified	
2011 v2	D02-06626	لېيىڭ	headword	943_2L.png	unverified	
2011 v2	D02-06655	لىجى	headword	944_2L.png	unverified	
2011 v2	D02-06666	لىزۇ	headword	945_1R.png	unverified	
2011 v2	D02-06669	لىسۇ	headword	945_1R.png	unverified	
2011 v2	D02-06701	لىڭ	headword	946_1R.png	unverified	
2011 v2	D02-06703	لىڭجاڭ	headword	946_1R.png	unverified	
2011 v2	D02-06724	لىم	headword	946_2L.png	unverified	
2011 v2	D02-06737	ليەن	headword	947_2L.png	unverified	
2011 v2	D02-06738	ليەنجاڭ	headword	947_2L.png	unverified	
2011 v2	D02-06807	ماجاڭ	headword	950_2L.png	unverified	
2011 v2	D02-06834	ماخار	headword	951_1R.png	unverified	
2011 v2	D02-06836	ماخاۋ	headword	951_1R.png	unverified	
2011 v2	D02-07047	ماگازا	headword	958_2L.png	unverified	
2011 v2	D02-07729	مەڭگەن	headword	982_1R.png	unverified	
2011 v2	D02-07806	مەنپەر	headword	985_1R.png	unverified	
2011 v2	D02-07825	مەنجاڭ	headword	985_2L.png	unverified	
2011 v2	D02-07999	مەيۋەن	headword	991_2L.png	unverified	
2011 v2	D02-08005	موبى	headword	992_1R.png	unverified	
2011 v2	D02-08017	موچەن	headword	992_1R.png	unverified	
2011 v2	D02-08017-v1	مو II	variant	992_1R.png	unverified	
2011 v2	D02-08020	موخازا	headword	992_1R.png	unverified	
2011 v2	D02-08072	موگو	headword	994_1R.png	unverified	
2011 v2	D02-08110	موما	headword	995_2L.png	unverified	
2011 v2	D02-08567	مۇلاۋ	headword	1011_1R.png	unverified	
2011 v2	D02-09018	مېيخۇاگۈل	headword	1026_2L.png	unverified	
2011 v2	D02-09018-v1	چىللىگۈل	variant	1026_2L.png	unverified	
2011 v2	D02-09283	مىلەڭزە	headword	1034_2L.png	unverified	
2011 v2	D02-09930	نەنمۇ	headword	1056_2L.png	unverified	
2011 v2	D02-11983	ئوسۇڭ	headword	1133_1R.png	unverified	
2011 v2	D02-13890	ۋادو	headword	1207_1R.png	verified	
2011 v2	D02-14047	ۋاڭ	headword	1212_1R.png	unverified	
2011 v2	D02-14206	ۋەنزە	headword	1218_1R.png	unverified	
2011 v2	D02-17006	ياڭتاۋ	headword	1330_1R.png	unverified	
2011 v2	D02-17012	ياڭزا	headword	1330_2L.png	unverified	
2011 v2	D02-17017	ياڭبۇ	headword	1330_2L.png	unverified	
2011 v2	D02-17159	يامبۇ	headword	1336_2L.png	unverified	
2011 v2	D02-17194	يانپەن	headword	1337_2L.png	unverified	
2011 v2	D02-17810	يۇمىنسۇ	headword	1361_2L.png	unverified	
2011 v2	D02-17899	يۈەنشۇەي	headword	1364_2L.png	unverified	
2011 v2	D02-18131	يۈنمۇ	headword	1373_2L.png	unverified	
2011 v2	D02-18248	يېزىخو	headword	1377_2L.png	unverified	
2011 v2	D02-18600	يىڭ	headword	1393_1R.png	unverified	
2011 v2	D02-18601	يىڭجاڭ	headword	1393_1R.png	unverified	
